pokemon_id,pokemon_name,species_id,height,weight,species_name,generation_id,evolves_from_species_id,habitat_id,generation_name,habitat_name
1,bulbasaur,1,7,69,bulbasaur,1,,3.0,generation-i,grassland
2,ivysaur,2,10,130,ivysaur,1,1.0,3.0,generation-i,grassland
3,venusaur,3,20,1000,venusaur,1,2.0,3.0,generation-i,grassland
4,charmander,4,6,85,charmander,1,,4.0,generation-i,mountain
5,charmeleon,5,11,190,charmeleon,1,4.0,4.0,generation-i,mountain
6,charizard,6,17,905,charizard,1,5.0,4.0,generation-i,mountain
7,squirtle,7,5,90,squirtle,1,,9.0,generation-i,waters-edge
8,wartortle,8,10,225,wartortle,1,7.0,9.0,generation-i,waters-edge
9,blastoise,9,16,855,blastoise,1,8.0,9.0,generation-i,waters-edge
10,caterpie,10,3,29,caterpie,1,,2.0,generation-i,forest
11,metapod,11,7,99,metapod,1,10.0,2.0,generation-i,forest
12,butterfree,12,11,320,butterfree,1,11.0,2.0,generation-i,forest
13,weedle,13,3,32,weedle,1,,2.0,generation-i,forest
14,kakuna,14,6,100,kakuna,1,13.0,2.0,generation-i,forest
15,beedrill,15,10,295,beedrill,1,14.0,2.0,generation-i,forest
16,pidgey,16,3,18,pidgey,1,,2.0,generation-i,forest
17,pidgeotto,17,11,300,pidgeotto,1,16.0,2.0,generation-i,forest
18,pidgeot,18,15,395,pidgeot,1,17.0,2.0,generation-i,forest
19,rattata,19,3,35,rattata,1,,3.0,generation-i,grassland
20,raticate,20,7,185,raticate,1,19.0,3.0,generation-i,grassland
21,spearow,21,3,20,spearow,1,,6.0,generation-i,rough-terrain
22,fearow,22,12,380,fearow,1,21.0,6.0,generation-i,rough-terrain
23,ekans,23,20,69,ekans,1,,3.0,generation-i,grassland
24,arbok,24,35,650,arbok,1,23.0,3.0,generation-i,grassland
25,pikachu,25,4,60,pikachu,1,172.0,2.0,generation-i,forest
26,raichu,26,8,300,raichu,1,25.0,2.0,generation-i,forest
27,sandshrew,27,6,120,sandshrew,1,,6.0,generation-i,rough-terrain
28,sandslash,28,10,295,sandslash,1,27.0,6.0,generation-i,rough-terrain
29,nidoran-f,29,4,70,nidoran-f,1,,3.0,generation-i,grassland
30,nidorina,30,8,200,nidorina,1,29.0,3.0,generation-i,grassland
31,nidoqueen,31,13,600,nidoqueen,1,30.0,3.0,generation-i,grassland
32,nidoran-m,32,5,90,nidoran-m,1,,3.0,generation-i,grassland
33,nidorino,33,9,195,nidorino,1,32.0,3.0,generation-i,grassland
34,nidoking,34,14,620,nidoking,1,33.0,3.0,generation-i,grassland
35,clefairy,35,6,75,clefairy,1,173.0,4.0,generation-i,mountain
36,clefable,36,13,400,clefable,1,35.0,4.0,generation-i,mountain
37,vulpix,37,6,99,vulpix,1,,3.0,generation-i,grassland
38,ninetales,38,11,199,ninetales,1,37.0,3.0,generation-i,grassland
39,jigglypuff,39,5,55,jigglypuff,1,174.0,3.0,generation-i,grassland
40,wigglytuff,40,10,120,wigglytuff,1,39.0,3.0,generation-i,grassland
41,zubat,41,8,75,zubat,1,,1.0,generation-i,cave
42,golbat,42,16,550,golbat,1,41.0,1.0,generation-i,cave
43,oddish,43,5,54,oddish,1,,3.0,generation-i,grassland
44,gloom,44,8,86,gloom,1,43.0,3.0,generation-i,grassland
45,vileplume,45,12,186,vileplume,1,44.0,3.0,generation-i,grassland
46,paras,46,3,54,paras,1,,2.0,generation-i,forest
47,parasect,47,10,295,parasect,1,46.0,2.0,generation-i,forest
48,venonat,48,10,300,venonat,1,,2.0,generation-i,forest
49,venomoth,49,15,125,venomoth,1,48.0,2.0,generation-i,forest
50,diglett,50,2,8,diglett,1,,1.0,generation-i,cave
51,dugtrio,51,7,333,dugtrio,1,50.0,1.0,generation-i,cave
52,meowth,52,4,42,meowth,1,,8.0,generation-i,urban
53,persian,53,10,320,persian,1,52.0,8.0,generation-i,urban
54,psyduck,54,8,196,psyduck,1,,9.0,generation-i,waters-edge
55,golduck,55,17,766,golduck,1,54.0,9.0,generation-i,waters-edge
56,mankey,56,5,280,mankey,1,,4.0,generation-i,mountain
57,primeape,57,10,320,primeape,1,56.0,4.0,generation-i,mountain
58,growlithe,58,7,190,growlithe,1,,3.0,generation-i,grassland
59,arcanine,59,19,1550,arcanine,1,58.0,3.0,generation-i,grassland
60,poliwag,60,6,124,poliwag,1,,9.0,generation-i,waters-edge
61,poliwhirl,61,10,200,poliwhirl,1,60.0,9.0,generation-i,waters-edge
62,poliwrath,62,13,540,poliwrath,1,61.0,9.0,generation-i,waters-edge
63,abra,63,9,195,abra,1,,8.0,generation-i,urban
64,kadabra,64,13,565,kadabra,1,63.0,8.0,generation-i,urban
65,alakazam,65,15,480,alakazam,1,64.0,8.0,generation-i,urban
66,machop,66,8,195,machop,1,,4.0,generation-i,mountain
67,machoke,67,15,705,machoke,1,66.0,4.0,generation-i,mountain
68,machamp,68,16,1300,machamp,1,67.0,4.0,generation-i,mountain
69,bellsprout,69,7,40,bellsprout,1,,2.0,generation-i,forest
70,weepinbell,70,10,64,weepinbell,1,69.0,2.0,generation-i,forest
71,victreebel,71,17,155,victreebel,1,70.0,2.0,generation-i,forest
72,tentacool,72,9,455,tentacool,1,,7.0,generation-i,sea
73,tentacruel,73,16,550,tentacruel,1,72.0,7.0,generation-i,sea
74,geodude,74,4,200,geodude,1,,4.0,generation-i,mountain
75,graveler,75,10,1050,graveler,1,74.0,4.0,generation-i,mountain
76,golem,76,14,3000,golem,1,75.0,4.0,generation-i,mountain
77,ponyta,77,10,300,ponyta,1,,3.0,generation-i,grassland
78,rapidash,78,17,950,rapidash,1,77.0,3.0,generation-i,grassland
79,slowpoke,79,12,360,slowpoke,1,,9.0,generation-i,waters-edge
80,slowbro,80,16,785,slowbro,1,79.0,9.0,generation-i,waters-edge
81,magnemite,81,3,60,magnemite,1,,6.0,generation-i,rough-terrain
82,magneton,82,10,600,magneton,1,81.0,6.0,generation-i,rough-terrain
83,farfetchd,83,8,150,farfetchd,1,,3.0,generation-i,grassland
84,doduo,84,14,392,doduo,1,,3.0,generation-i,grassland
85,dodrio,85,18,852,dodrio,1,84.0,3.0,generation-i,grassland
86,seel,86,11,900,seel,1,,7.0,generation-i,sea
87,dewgong,87,17,1200,dewgong,1,86.0,7.0,generation-i,sea
88,grimer,88,9,300,grimer,1,,8.0,generation-i,urban
89,muk,89,12,300,muk,1,88.0,8.0,generation-i,urban
90,shellder,90,3,40,shellder,1,,7.0,generation-i,sea
91,cloyster,91,15,1325,cloyster,1,90.0,7.0,generation-i,sea
92,gastly,92,13,1,gastly,1,,1.0,generation-i,cave
93,haunter,93,16,1,haunter,1,92.0,1.0,generation-i,cave
94,gengar,94,15,405,gengar,1,93.0,1.0,generation-i,cave
95,onix,95,88,2100,onix,1,,1.0,generation-i,cave
96,drowzee,96,10,324,drowzee,1,,3.0,generation-i,grassland
97,hypno,97,16,756,hypno,1,96.0,3.0,generation-i,grassland
98,krabby,98,4,65,krabby,1,,9.0,generation-i,waters-edge
99,kingler,99,13,600,kingler,1,98.0,9.0,generation-i,waters-edge
100,voltorb,100,5,104,voltorb,1,,8.0,generation-i,urban
101,electrode,101,12,666,electrode,1,100.0,8.0,generation-i,urban
102,exeggcute,102,4,25,exeggcute,1,,2.0,generation-i,forest
103,exeggutor,103,20,1200,exeggutor,1,102.0,2.0,generation-i,forest
104,cubone,104,4,65,cubone,1,,4.0,generation-i,mountain
105,marowak,105,10,450,marowak,1,104.0,4.0,generation-i,mountain
106,hitmonlee,106,15,498,hitmonlee,1,236.0,8.0,generation-i,urban
107,hitmonchan,107,14,502,hitmonchan,1,236.0,8.0,generation-i,urban
108,lickitung,108,12,655,lickitung,1,,3.0,generation-i,grassland
109,koffing,109,6,10,koffing,1,,8.0,generation-i,urban
110,weezing,110,12,95,weezing,1,109.0,8.0,generation-i,urban
111,rhyhorn,111,10,1150,rhyhorn,1,,6.0,generation-i,rough-terrain
112,rhydon,112,19,1200,rhydon,1,111.0,6.0,generation-i,rough-terrain
113,chansey,113,11,346,chansey,1,440.0,8.0,generation-i,urban
114,tangela,114,10,350,tangela,1,,3.0,generation-i,grassland
115,kangaskhan,115,22,800,kangaskhan,1,,3.0,generation-i,grassland
116,horsea,116,4,80,horsea,1,,7.0,generation-i,sea
117,seadra,117,12,250,seadra,1,116.0,7.0,generation-i,sea
118,goldeen,118,6,150,goldeen,1,,9.0,generation-i,waters-edge
119,seaking,119,13,390,seaking,1,118.0,9.0,generation-i,waters-edge
120,staryu,120,8,345,staryu,1,,7.0,generation-i,sea
121,starmie,121,11,800,starmie,1,120.0,7.0,generation-i,sea
122,mr-mime,122,13,545,mr-mime,1,439.0,8.0,generation-i,urban
123,scyther,123,15,560,scyther,1,,3.0,generation-i,grassland
124,jynx,124,14,406,jynx,1,238.0,8.0,generation-i,urban
125,electabuzz,125,11,300,electabuzz,1,239.0,3.0,generation-i,grassland
126,magmar,126,13,445,magmar,1,240.0,4.0,generation-i,mountain
127,pinsir,127,15,550,pinsir,1,,2.0,generation-i,forest
128,tauros,128,14,884,tauros,1,,3.0,generation-i,grassland
129,magikarp,129,9,100,magikarp,1,,9.0,generation-i,waters-edge
130,gyarados,130,65,2350,gyarados,1,129.0,9.0,generation-i,waters-edge
131,lapras,131,25,2200,lapras,1,,7.0,generation-i,sea
132,ditto,132,3,40,ditto,1,,8.0,generation-i,urban
133,eevee,133,3,65,eevee,1,,8.0,generation-i,urban
134,vaporeon,134,10,290,vaporeon,1,133.0,8.0,generation-i,urban
135,jolteon,135,8,245,jolteon,1,133.0,8.0,generation-i,urban
136,flareon,136,9,250,flareon,1,133.0,8.0,generation-i,urban
137,porygon,137,8,365,porygon,1,,8.0,generation-i,urban
138,omanyte,138,4,75,omanyte,1,,7.0,generation-i,sea
139,omastar,139,10,350,omastar,1,138.0,7.0,generation-i,sea
140,kabuto,140,5,115,kabuto,1,,7.0,generation-i,sea
141,kabutops,141,13,405,kabutops,1,140.0,7.0,generation-i,sea
142,aerodactyl,142,18,590,aerodactyl,1,,4.0,generation-i,mountain
143,snorlax,143,21,4600,snorlax,1,446.0,4.0,generation-i,mountain
144,articuno,144,17,554,articuno,1,,5.0,generation-i,rare
145,zapdos,145,16,526,zapdos,1,,5.0,generation-i,rare
146,moltres,146,20,600,moltres,1,,5.0,generation-i,rare
147,dratini,147,18,33,dratini,1,,9.0,generation-i,waters-edge
148,dragonair,148,40,165,dragonair,1,147.0,9.0,generation-i,waters-edge
149,dragonite,149,22,2100,dragonite,1,148.0,9.0,generation-i,waters-edge
150,mewtwo,150,20,1220,mewtwo,1,,5.0,generation-i,rare
151,mew,151,4,40,mew,1,,5.0,generation-i,rare
152,chikorita,152,9,64,chikorita,2,,3.0,generation-ii,grassland
153,bayleef,153,12,158,bayleef,2,152.0,3.0,generation-ii,grassland
154,meganium,154,18,1005,meganium,2,153.0,3.0,generation-ii,grassland
155,cyndaquil,155,5,79,cyndaquil,2,,3.0,generation-ii,grassland
156,quilava,156,9,190,quilava,2,155.0,3.0,generation-ii,grassland
157,typhlosion,157,17,795,typhlosion,2,156.0,3.0,generation-ii,grassland
158,totodile,158,6,95,totodile,2,,9.0,generation-ii,waters-edge
159,croconaw,159,11,250,croconaw,2,158.0,9.0,generation-ii,waters-edge
160,feraligatr,160,23,888,feraligatr,2,159.0,9.0,generation-ii,waters-edge
161,sentret,161,8,60,sentret,2,,3.0,generation-ii,grassland
162,furret,162,18,325,furret,2,161.0,3.0,generation-ii,grassland
163,hoothoot,163,7,212,hoothoot,2,,2.0,generation-ii,forest
164,noctowl,164,16,408,noctowl,2,163.0,2.0,generation-ii,forest
165,ledyba,165,10,108,ledyba,2,,2.0,generation-ii,forest
166,ledian,166,14,356,ledian,2,165.0,2.0,generation-ii,forest
167,spinarak,167,5,85,spinarak,2,,2.0,generation-ii,forest
168,ariados,168,11,335,ariados,2,167.0,2.0,generation-ii,forest
169,crobat,169,18,750,crobat,2,42.0,1.0,generation-ii,cave
170,chinchou,170,5,120,chinchou,2,,7.0,generation-ii,sea
171,lanturn,171,12,225,lanturn,2,170.0,7.0,generation-ii,sea
172,pichu,172,3,20,pichu,2,,2.0,generation-ii,forest
173,cleffa,173,3,30,cleffa,2,,4.0,generation-ii,mountain
174,igglybuff,174,3,10,igglybuff,2,,3.0,generation-ii,grassland
175,togepi,175,3,15,togepi,2,,2.0,generation-ii,forest
176,togetic,176,6,32,togetic,2,175.0,2.0,generation-ii,forest
177,natu,177,2,20,natu,2,,2.0,generation-ii,forest
178,xatu,178,15,150,xatu,2,177.0,2.0,generation-ii,forest
179,mareep,179,6,78,mareep,2,,3.0,generation-ii,grassland
180,flaaffy,180,8,133,flaaffy,2,179.0,3.0,generation-ii,grassland
181,ampharos,181,14,615,ampharos,2,180.0,3.0,generation-ii,grassland
182,bellossom,182,4,58,bellossom,2,44.0,3.0,generation-ii,grassland
183,marill,183,4,85,marill,2,298.0,9.0,generation-ii,waters-edge
184,azumarill,184,8,285,azumarill,2,183.0,9.0,generation-ii,waters-edge
185,sudowoodo,185,12,380,sudowoodo,2,438.0,2.0,generation-ii,forest
186,politoed,186,11,339,politoed,2,61.0,9.0,generation-ii,waters-edge
187,hoppip,187,4,5,hoppip,2,,3.0,generation-ii,grassland
188,skiploom,188,6,10,skiploom,2,187.0,3.0,generation-ii,grassland
189,jumpluff,189,8,30,jumpluff,2,188.0,3.0,generation-ii,grassland
190,aipom,190,8,115,aipom,2,,2.0,generation-ii,forest
191,sunkern,191,3,18,sunkern,2,,3.0,generation-ii,grassland
192,sunflora,192,8,85,sunflora,2,191.0,3.0,generation-ii,grassland
193,yanma,193,12,380,yanma,2,,2.0,generation-ii,forest
194,wooper,194,4,85,wooper,2,,9.0,generation-ii,waters-edge
195,quagsire,195,14,750,quagsire,2,194.0,9.0,generation-ii,waters-edge
196,espeon,196,9,265,espeon,2,133.0,8.0,generation-ii,urban
197,umbreon,197,10,270,umbreon,2,133.0,8.0,generation-ii,urban
198,murkrow,198,5,21,murkrow,2,,2.0,generation-ii,forest
199,slowking,199,20,795,slowking,2,79.0,9.0,generation-ii,waters-edge
200,misdreavus,200,7,10,misdreavus,2,,1.0,generation-ii,cave
201,unown,201,5,50,unown,2,,5.0,generation-ii,rare
202,wobbuffet,202,13,285,wobbuffet,2,360.0,1.0,generation-ii,cave
203,girafarig,203,15,415,girafarig,2,,3.0,generation-ii,grassland
204,pineco,204,6,72,pineco,2,,2.0,generation-ii,forest
205,forretress,205,12,1258,forretress,2,204.0,2.0,generation-ii,forest
206,dunsparce,206,15,140,dunsparce,2,,1.0,generation-ii,cave
207,gligar,207,11,648,gligar,2,,4.0,generation-ii,mountain
208,steelix,208,92,4000,steelix,2,95.0,1.0,generation-ii,cave
209,snubbull,209,6,78,snubbull,2,,8.0,generation-ii,urban
210,granbull,210,14,487,granbull,2,209.0,8.0,generation-ii,urban
211,qwilfish,211,5,39,qwilfish,2,,7.0,generation-ii,sea
212,scizor,212,18,1180,scizor,2,123.0,3.0,generation-ii,grassland
213,shuckle,213,6,205,shuckle,2,,4.0,generation-ii,mountain
214,heracross,214,15,540,heracross,2,,2.0,generation-ii,forest
215,sneasel,215,9,280,sneasel,2,,2.0,generation-ii,forest
216,teddiursa,216,6,88,teddiursa,2,,4.0,generation-ii,mountain
217,ursaring,217,18,1258,ursaring,2,216.0,4.0,generation-ii,mountain
218,slugma,218,7,350,slugma,2,,4.0,generation-ii,mountain
219,magcargo,219,8,550,magcargo,2,218.0,4.0,generation-ii,mountain
220,swinub,220,4,65,swinub,2,,1.0,generation-ii,cave
221,piloswine,221,11,558,piloswine,2,220.0,1.0,generation-ii,cave
222,corsola,222,6,50,corsola,2,,7.0,generation-ii,sea
223,remoraid,223,6,120,remoraid,2,,7.0,generation-ii,sea
224,octillery,224,9,285,octillery,2,223.0,7.0,generation-ii,sea
225,delibird,225,9,160,delibird,2,,4.0,generation-ii,mountain
226,mantine,226,21,2200,mantine,2,458.0,7.0,generation-ii,sea
227,skarmory,227,17,505,skarmory,2,,6.0,generation-ii,rough-terrain
228,houndour,228,6,108,houndour,2,,6.0,generation-ii,rough-terrain
229,houndoom,229,14,350,houndoom,2,228.0,6.0,generation-ii,rough-terrain
230,kingdra,230,18,1520,kingdra,2,117.0,7.0,generation-ii,sea
231,phanpy,231,5,335,phanpy,2,,6.0,generation-ii,rough-terrain
232,donphan,232,11,1200,donphan,2,231.0,6.0,generation-ii,rough-terrain
233,porygon2,233,6,325,porygon2,2,137.0,8.0,generation-ii,urban
234,stantler,234,14,712,stantler,2,,2.0,generation-ii,forest
235,smeargle,235,12,580,smeargle,2,,8.0,generation-ii,urban
236,tyrogue,236,7,210,tyrogue,2,,8.0,generation-ii,urban
237,hitmontop,237,14,480,hitmontop,2,236.0,8.0,generation-ii,urban
238,smoochum,238,4,60,smoochum,2,,8.0,generation-ii,urban
239,elekid,239,6,235,elekid,2,,3.0,generation-ii,grassland
240,magby,240,7,214,magby,2,,4.0,generation-ii,mountain
241,miltank,241,12,755,miltank,2,,3.0,generation-ii,grassland
242,blissey,242,15,468,blissey,2,113.0,8.0,generation-ii,urban
243,raikou,243,19,1780,raikou,2,,3.0,generation-ii,grassland
244,entei,244,21,1980,entei,2,,3.0,generation-ii,grassland
245,suicune,245,20,1870,suicune,2,,3.0,generation-ii,grassland
246,larvitar,246,6,720,larvitar,2,,4.0,generation-ii,mountain
247,pupitar,247,12,1520,pupitar,2,246.0,4.0,generation-ii,mountain
248,tyranitar,248,20,2020,tyranitar,2,247.0,4.0,generation-ii,mountain
249,lugia,249,52,2160,lugia,2,,5.0,generation-ii,rare
250,ho-oh,250,38,1990,ho-oh,2,,5.0,generation-ii,rare
251,celebi,251,6,50,celebi,2,,2.0,generation-ii,forest
252,treecko,252,5,50,treecko,3,,2.0,generation-iii,forest
253,grovyle,253,9,216,grovyle,3,252.0,2.0,generation-iii,forest
254,sceptile,254,17,522,sceptile,3,253.0,2.0,generation-iii,forest
255,torchic,255,4,25,torchic,3,,3.0,generation-iii,grassland
256,combusken,256,9,195,combusken,3,255.0,3.0,generation-iii,grassland
257,blaziken,257,19,520,blaziken,3,256.0,3.0,generation-iii,grassland
258,mudkip,258,4,76,mudkip,3,,9.0,generation-iii,waters-edge
259,marshtomp,259,7,280,marshtomp,3,258.0,9.0,generation-iii,waters-edge
260,swampert,260,15,819,swampert,3,259.0,9.0,generation-iii,waters-edge
261,poochyena,261,5,136,poochyena,3,,3.0,generation-iii,grassland
262,mightyena,262,10,370,mightyena,3,261.0,3.0,generation-iii,grassland
263,zigzagoon,263,4,175,zigzagoon,3,,3.0,generation-iii,grassland
264,linoone,264,5,325,linoone,3,263.0,3.0,generation-iii,grassland
265,wurmple,265,3,36,wurmple,3,,2.0,generation-iii,forest
266,silcoon,266,6,100,silcoon,3,265.0,2.0,generation-iii,forest
267,beautifly,267,10,284,beautifly,3,266.0,2.0,generation-iii,forest
268,cascoon,268,7,115,cascoon,3,265.0,2.0,generation-iii,forest
269,dustox,269,12,316,dustox,3,268.0,2.0,generation-iii,forest
270,lotad,270,5,26,lotad,3,,9.0,generation-iii,waters-edge
271,lombre,271,12,325,lombre,3,270.0,9.0,generation-iii,waters-edge
272,ludicolo,272,15,550,ludicolo,3,271.0,9.0,generation-iii,waters-edge
273,seedot,273,5,40,seedot,3,,2.0,generation-iii,forest
274,nuzleaf,274,10,280,nuzleaf,3,273.0,2.0,generation-iii,forest
275,shiftry,275,13,596,shiftry,3,274.0,2.0,generation-iii,forest
276,taillow,276,3,23,taillow,3,,3.0,generation-iii,grassland
277,swellow,277,7,198,swellow,3,276.0,3.0,generation-iii,grassland
278,wingull,278,6,95,wingull,3,,7.0,generation-iii,sea
279,pelipper,279,12,280,pelipper,3,278.0,7.0,generation-iii,sea
280,ralts,280,4,66,ralts,3,,8.0,generation-iii,urban
281,kirlia,281,8,202,kirlia,3,280.0,8.0,generation-iii,urban
282,gardevoir,282,16,484,gardevoir,3,281.0,8.0,generation-iii,urban
283,surskit,283,5,17,surskit,3,,9.0,generation-iii,waters-edge
284,masquerain,284,8,36,masquerain,3,283.0,9.0,generation-iii,waters-edge
285,shroomish,285,4,45,shroomish,3,,2.0,generation-iii,forest
286,breloom,286,12,392,breloom,3,285.0,2.0,generation-iii,forest
287,slakoth,287,8,240,slakoth,3,,2.0,generation-iii,forest
288,vigoroth,288,14,465,vigoroth,3,287.0,2.0,generation-iii,forest
289,slaking,289,20,1305,slaking,3,288.0,2.0,generation-iii,forest
290,nincada,290,5,55,nincada,3,,2.0,generation-iii,forest
291,ninjask,291,8,120,ninjask,3,290.0,2.0,generation-iii,forest
292,shedinja,292,8,12,shedinja,3,290.0,2.0,generation-iii,forest
293,whismur,293,6,163,whismur,3,,1.0,generation-iii,cave
294,loudred,294,10,405,loudred,3,293.0,1.0,generation-iii,cave
295,exploud,295,15,840,exploud,3,294.0,1.0,generation-iii,cave
296,makuhita,296,10,864,makuhita,3,,4.0,generation-iii,mountain
297,hariyama,297,23,2538,hariyama,3,296.0,4.0,generation-iii,mountain
298,azurill,298,2,20,azurill,3,,9.0,generation-iii,waters-edge
299,nosepass,299,10,970,nosepass,3,,1.0,generation-iii,cave
300,skitty,300,6,110,skitty,3,,2.0,generation-iii,forest
301,delcatty,301,11,326,delcatty,3,300.0,2.0,generation-iii,forest
302,sableye,302,5,110,sableye,3,,1.0,generation-iii,cave
303,mawile,303,6,115,mawile,3,,1.0,generation-iii,cave
304,aron,304,4,600,aron,3,,4.0,generation-iii,mountain
305,lairon,305,9,1200,lairon,3,304.0,4.0,generation-iii,mountain
306,aggron,306,21,3600,aggron,3,305.0,4.0,generation-iii,mountain
307,meditite,307,6,112,meditite,3,,4.0,generation-iii,mountain
308,medicham,308,13,315,medicham,3,307.0,4.0,generation-iii,mountain
309,electrike,309,6,152,electrike,3,,3.0,generation-iii,grassland
310,manectric,310,15,402,manectric,3,309.0,3.0,generation-iii,grassland
311,plusle,311,4,42,plusle,3,,3.0,generation-iii,grassland
312,minun,312,4,42,minun,3,,3.0,generation-iii,grassland
313,volbeat,313,7,177,volbeat,3,,2.0,generation-iii,forest
314,illumise,314,6,177,illumise,3,,2.0,generation-iii,forest
315,roselia,315,3,20,roselia,3,406.0,3.0,generation-iii,grassland
316,gulpin,316,4,103,gulpin,3,,3.0,generation-iii,grassland
317,swalot,317,17,800,swalot,3,316.0,3.0,generation-iii,grassland
318,carvanha,318,8,208,carvanha,3,,7.0,generation-iii,sea
319,sharpedo,319,18,888,sharpedo,3,318.0,7.0,generation-iii,sea
320,wailmer,320,20,1300,wailmer,3,,7.0,generation-iii,sea
321,wailord,321,145,3980,wailord,3,320.0,7.0,generation-iii,sea
322,numel,322,7,240,numel,3,,4.0,generation-iii,mountain
323,camerupt,323,19,2200,camerupt,3,322.0,4.0,generation-iii,mountain
324,torkoal,324,5,804,torkoal,3,,4.0,generation-iii,mountain
325,spoink,325,7,306,spoink,3,,4.0,generation-iii,mountain
326,grumpig,326,9,715,grumpig,3,325.0,4.0,generation-iii,mountain
327,spinda,327,11,50,spinda,3,,4.0,generation-iii,mountain
328,trapinch,328,7,150,trapinch,3,,6.0,generation-iii,rough-terrain
329,vibrava,329,11,153,vibrava,3,328.0,6.0,generation-iii,rough-terrain
330,flygon,330,20,820,flygon,3,329.0,6.0,generation-iii,rough-terrain
331,cacnea,331,4,513,cacnea,3,,6.0,generation-iii,rough-terrain
332,cacturne,332,13,774,cacturne,3,331.0,6.0,generation-iii,rough-terrain
333,swablu,333,4,12,swablu,3,,2.0,generation-iii,forest
334,altaria,334,11,206,altaria,3,333.0,2.0,generation-iii,forest
335,zangoose,335,13,403,zangoose,3,,3.0,generation-iii,grassland
336,seviper,336,27,525,seviper,3,,3.0,generation-iii,grassland
337,lunatone,337,10,1680,lunatone,3,,1.0,generation-iii,cave
338,solrock,338,12,1540,solrock,3,,1.0,generation-iii,cave
339,barboach,339,4,19,barboach,3,,9.0,generation-iii,waters-edge
340,whiscash,340,9,236,whiscash,3,339.0,9.0,generation-iii,waters-edge
341,corphish,341,6,115,corphish,3,,9.0,generation-iii,waters-edge
342,crawdaunt,342,11,328,crawdaunt,3,341.0,9.0,generation-iii,waters-edge
343,baltoy,343,5,215,baltoy,3,,6.0,generation-iii,rough-terrain
344,claydol,344,15,1080,claydol,3,343.0,6.0,generation-iii,rough-terrain
345,lileep,345,10,238,lileep,3,,7.0,generation-iii,sea
346,cradily,346,15,604,cradily,3,345.0,7.0,generation-iii,sea
347,anorith,347,7,125,anorith,3,,9.0,generation-iii,waters-edge
348,armaldo,348,15,682,armaldo,3,347.0,9.0,generation-iii,waters-edge
349,feebas,349,6,74,feebas,3,,9.0,generation-iii,waters-edge
350,milotic,350,62,1620,milotic,3,349.0,9.0,generation-iii,waters-edge
351,castform,351,3,8,castform,3,,3.0,generation-iii,grassland
352,kecleon,352,10,220,kecleon,3,,2.0,generation-iii,forest
353,shuppet,353,6,23,shuppet,3,,8.0,generation-iii,urban
354,banette,354,11,125,banette,3,353.0,8.0,generation-iii,urban
355,duskull,355,8,150,duskull,3,,2.0,generation-iii,forest
356,dusclops,356,16,306,dusclops,3,355.0,2.0,generation-iii,forest
357,tropius,357,20,1000,tropius,3,,2.0,generation-iii,forest
358,chimecho,358,6,10,chimecho,3,433.0,3.0,generation-iii,grassland
359,absol,359,12,470,absol,3,,4.0,generation-iii,mountain
360,wynaut,360,6,140,wynaut,3,,1.0,generation-iii,cave
361,snorunt,361,7,168,snorunt,3,,1.0,generation-iii,cave
362,glalie,362,15,2565,glalie,3,361.0,1.0,generation-iii,cave
363,spheal,363,8,395,spheal,3,,7.0,generation-iii,sea
364,sealeo,364,11,876,sealeo,3,363.0,7.0,generation-iii,sea
365,walrein,365,14,1506,walrein,3,364.0,7.0,generation-iii,sea
366,clamperl,366,4,525,clamperl,3,,7.0,generation-iii,sea
367,huntail,367,17,270,huntail,3,366.0,7.0,generation-iii,sea
368,gorebyss,368,18,226,gorebyss,3,366.0,7.0,generation-iii,sea
369,relicanth,369,10,234,relicanth,3,,7.0,generation-iii,sea
370,luvdisc,370,6,87,luvdisc,3,,7.0,generation-iii,sea
371,bagon,371,6,421,bagon,3,,6.0,generation-iii,rough-terrain
372,shelgon,372,11,1105,shelgon,3,371.0,6.0,generation-iii,rough-terrain
373,salamence,373,15,1026,salamence,3,372.0,6.0,generation-iii,rough-terrain
374,beldum,374,6,952,beldum,3,,6.0,generation-iii,rough-terrain
375,metang,375,12,2025,metang,3,374.0,6.0,generation-iii,rough-terrain
376,metagross,376,16,5500,metagross,3,375.0,6.0,generation-iii,rough-terrain
377,regirock,377,17,2300,regirock,3,,1.0,generation-iii,cave
378,regice,378,18,1750,regice,3,,1.0,generation-iii,cave
379,registeel,379,19,2050,registeel,3,,1.0,generation-iii,cave
380,latias,380,14,400,latias,3,,9.0,generation-iii,waters-edge
381,latios,381,20,600,latios,3,,9.0,generation-iii,waters-edge
382,kyogre,382,45,3520,kyogre,3,,7.0,generation-iii,sea
383,groudon,383,35,9500,groudon,3,,6.0,generation-iii,rough-terrain
384,rayquaza,384,70,2065,rayquaza,3,,5.0,generation-iii,rare
385,jirachi,385,3,11,jirachi,3,,4.0,generation-iii,mountain
386,deoxys-normal,386,17,608,deoxys,3,,5.0,generation-iii,rare
387,turtwig,387,4,102,turtwig,4,,,generation-iv,
388,grotle,388,11,970,grotle,4,387.0,,generation-iv,
389,torterra,389,22,3100,torterra,4,388.0,,generation-iv,
390,chimchar,390,5,62,chimchar,4,,,generation-iv,
391,monferno,391,9,220,monferno,4,390.0,,generation-iv,
392,infernape,392,12,550,infernape,4,391.0,,generation-iv,
393,piplup,393,4,52,piplup,4,,,generation-iv,
394,prinplup,394,8,230,prinplup,4,393.0,,generation-iv,
395,empoleon,395,17,845,empoleon,4,394.0,,generation-iv,
396,starly,396,3,20,starly,4,,,generation-iv,
397,staravia,397,6,155,staravia,4,396.0,,generation-iv,
398,staraptor,398,12,249,staraptor,4,397.0,,generation-iv,
399,bidoof,399,5,200,bidoof,4,,,generation-iv,
400,bibarel,400,10,315,bibarel,4,399.0,,generation-iv,
401,kricketot,401,3,22,kricketot,4,,,generation-iv,
402,kricketune,402,10,255,kricketune,4,401.0,,generation-iv,
403,shinx,403,5,95,shinx,4,,,generation-iv,
404,luxio,404,9,305,luxio,4,403.0,,generation-iv,
405,luxray,405,14,420,luxray,4,404.0,,generation-iv,
406,budew,406,2,12,budew,4,,,generation-iv,
407,roserade,407,9,145,roserade,4,315.0,,generation-iv,
408,cranidos,408,9,315,cranidos,4,,,generation-iv,
409,rampardos,409,16,1025,rampardos,4,408.0,,generation-iv,
410,shieldon,410,5,570,shieldon,4,,,generation-iv,
411,bastiodon,411,13,1495,bastiodon,4,410.0,,generation-iv,
412,burmy,412,2,34,burmy,4,,,generation-iv,
413,wormadam-plant,413,5,65,wormadam,4,412.0,,generation-iv,
414,mothim,414,9,233,mothim,4,412.0,,generation-iv,
415,combee,415,3,55,combee,4,,,generation-iv,
416,vespiquen,416,12,385,vespiquen,4,415.0,,generation-iv,
417,pachirisu,417,4,39,pachirisu,4,,,generation-iv,
418,buizel,418,7,295,buizel,4,,,generation-iv,
419,floatzel,419,11,335,floatzel,4,418.0,,generation-iv,
420,cherubi,420,4,33,cherubi,4,,,generation-iv,
421,cherrim,421,5,93,cherrim,4,420.0,,generation-iv,
422,shellos,422,3,63,shellos,4,,,generation-iv,
423,gastrodon,423,9,299,gastrodon,4,422.0,,generation-iv,
424,ambipom,424,12,203,ambipom,4,190.0,,generation-iv,
425,drifloon,425,4,12,drifloon,4,,,generation-iv,
426,drifblim,426,12,150,drifblim,4,425.0,,generation-iv,
427,buneary,427,4,55,buneary,4,,,generation-iv,
428,lopunny,428,12,333,lopunny,4,427.0,,generation-iv,
429,mismagius,429,9,44,mismagius,4,200.0,,generation-iv,
430,honchkrow,430,9,273,honchkrow,4,198.0,,generation-iv,
431,glameow,431,5,39,glameow,4,,,generation-iv,
432,purugly,432,10,438,purugly,4,431.0,,generation-iv,
433,chingling,433,2,6,chingling,4,,,generation-iv,
434,stunky,434,4,192,stunky,4,,,generation-iv,
435,skuntank,435,10,380,skuntank,4,434.0,,generation-iv,
436,bronzor,436,5,605,bronzor,4,,,generation-iv,
437,bronzong,437,13,1870,bronzong,4,436.0,,generation-iv,
438,bonsly,438,5,150,bonsly,4,,,generation-iv,
439,mime-jr,439,6,130,mime-jr,4,,,generation-iv,
440,happiny,440,6,244,happiny,4,,,generation-iv,
441,chatot,441,5,19,chatot,4,,,generation-iv,
442,spiritomb,442,10,1080,spiritomb,4,,,generation-iv,
443,gible,443,7,205,gible,4,,,generation-iv,
444,gabite,444,14,560,gabite,4,443.0,,generation-iv,
445,garchomp,445,19,950,garchomp,4,444.0,,generation-iv,
446,munchlax,446,6,1050,munchlax,4,,,generation-iv,
447,riolu,447,7,202,riolu,4,,,generation-iv,
448,lucario,448,12,540,lucario,4,447.0,,generation-iv,
449,hippopotas,449,8,495,hippopotas,4,,,generation-iv,
450,hippowdon,450,20,3000,hippowdon,4,449.0,,generation-iv,
451,skorupi,451,8,120,skorupi,4,,,generation-iv,
452,drapion,452,13,615,drapion,4,451.0,,generation-iv,
453,croagunk,453,7,230,croagunk,4,,,generation-iv,
454,toxicroak,454,13,444,toxicroak,4,453.0,,generation-iv,
455,carnivine,455,14,270,carnivine,4,,,generation-iv,
456,finneon,456,4,70,finneon,4,,,generation-iv,
457,lumineon,457,12,240,lumineon,4,456.0,,generation-iv,
458,mantyke,458,10,650,mantyke,4,,,generation-iv,
459,snover,459,10,505,snover,4,,,generation-iv,
460,abomasnow,460,22,1355,abomasnow,4,459.0,,generation-iv,
461,weavile,461,11,340,weavile,4,215.0,,generation-iv,
462,magnezone,462,12,1800,magnezone,4,82.0,,generation-iv,
463,lickilicky,463,17,1400,lickilicky,4,108.0,,generation-iv,
464,rhyperior,464,24,2828,rhyperior,4,112.0,,generation-iv,
465,tangrowth,465,20,1286,tangrowth,4,114.0,,generation-iv,
466,electivire,466,18,1386,electivire,4,125.0,,generation-iv,
467,magmortar,467,16,680,magmortar,4,126.0,,generation-iv,
468,togekiss,468,15,380,togekiss,4,176.0,,generation-iv,
469,yanmega,469,19,515,yanmega,4,193.0,,generation-iv,
470,leafeon,470,10,255,leafeon,4,133.0,,generation-iv,
471,glaceon,471,8,259,glaceon,4,133.0,,generation-iv,
472,gliscor,472,20,425,gliscor,4,207.0,,generation-iv,
473,mamoswine,473,25,2910,mamoswine,4,221.0,,generation-iv,
474,porygon-z,474,9,340,porygon-z,4,233.0,,generation-iv,
475,gallade,475,16,520,gallade,4,281.0,,generation-iv,
476,probopass,476,14,3400,probopass,4,299.0,,generation-iv,
477,dusknoir,477,22,1066,dusknoir,4,356.0,,generation-iv,
478,froslass,478,13,266,froslass,4,361.0,,generation-iv,
479,rotom,479,3,3,rotom,4,,,generation-iv,
480,uxie,480,3,3,uxie,4,,,generation-iv,
481,mesprit,481,3,3,mesprit,4,,,generation-iv,
482,azelf,482,3,3,azelf,4,,,generation-iv,
483,dialga,483,54,6830,dialga,4,,,generation-iv,
484,palkia,484,42,3360,palkia,4,,,generation-iv,
485,heatran,485,17,4300,heatran,4,,,generation-iv,
486,regigigas,486,37,4200,regigigas,4,,,generation-iv,
487,giratina-altered,487,45,7500,giratina,4,,,generation-iv,
488,cresselia,488,15,856,cresselia,4,,,generation-iv,
489,phione,489,4,31,phione,4,,,generation-iv,
490,manaphy,490,3,14,manaphy,4,,,generation-iv,
491,darkrai,491,15,505,darkrai,4,,,generation-iv,
492,shaymin-land,492,2,21,shaymin,4,,,generation-iv,
493,arceus,493,32,3200,arceus,4,,,generation-iv,
494,victini,494,4,40,victini,5,,,generation-v,
495,snivy,495,6,81,snivy,5,,,generation-v,
496,servine,496,8,160,servine,5,495.0,,generation-v,
497,serperior,497,33,630,serperior,5,496.0,,generation-v,
498,tepig,498,5,99,tepig,5,,,generation-v,
499,pignite,499,10,555,pignite,5,498.0,,generation-v,
500,emboar,500,16,1500,emboar,5,499.0,,generation-v,
501,oshawott,501,5,59,oshawott,5,,,generation-v,
502,dewott,502,8,245,dewott,5,501.0,,generation-v,
503,samurott,503,15,946,samurott,5,502.0,,generation-v,
504,patrat,504,5,116,patrat,5,,,generation-v,
505,watchog,505,11,270,watchog,5,504.0,,generation-v,
506,lillipup,506,4,41,lillipup,5,,,generation-v,
507,herdier,507,9,147,herdier,5,506.0,,generation-v,
508,stoutland,508,12,610,stoutland,5,507.0,,generation-v,
509,purrloin,509,4,101,purrloin,5,,,generation-v,
510,liepard,510,11,375,liepard,5,509.0,,generation-v,
511,pansage,511,6,105,pansage,5,,,generation-v,
512,simisage,512,11,305,simisage,5,511.0,,generation-v,
513,pansear,513,6,110,pansear,5,,,generation-v,
514,simisear,514,10,280,simisear,5,513.0,,generation-v,
515,panpour,515,6,135,panpour,5,,,generation-v,
516,simipour,516,10,290,simipour,5,515.0,,generation-v,
517,munna,517,6,233,munna,5,,,generation-v,
518,musharna,518,11,605,musharna,5,517.0,,generation-v,
519,pidove,519,3,21,pidove,5,,,generation-v,
520,tranquill,520,6,150,tranquill,5,519.0,,generation-v,
521,unfezant,521,12,290,unfezant,5,520.0,,generation-v,
522,blitzle,522,8,298,blitzle,5,,,generation-v,
523,zebstrika,523,16,795,zebstrika,5,522.0,,generation-v,
524,roggenrola,524,4,180,roggenrola,5,,,generation-v,
525,boldore,525,9,1020,boldore,5,524.0,,generation-v,
526,gigalith,526,17,2600,gigalith,5,525.0,,generation-v,
527,woobat,527,4,21,woobat,5,,,generation-v,
528,swoobat,528,9,105,swoobat,5,527.0,,generation-v,
529,drilbur,529,3,85,drilbur,5,,,generation-v,
530,excadrill,530,7,404,excadrill,5,529.0,,generation-v,
531,audino,531,11,310,audino,5,,,generation-v,
532,timburr,532,6,125,timburr,5,,,generation-v,
533,gurdurr,533,12,400,gurdurr,5,532.0,,generation-v,
534,conkeldurr,534,14,870,conkeldurr,5,533.0,,generation-v,
535,tympole,535,5,45,tympole,5,,,generation-v,
536,palpitoad,536,8,170,palpitoad,5,535.0,,generation-v,
537,seismitoad,537,15,620,seismitoad,5,536.0,,generation-v,
538,throh,538,13,555,throh,5,,,generation-v,
539,sawk,539,14,510,sawk,5,,,generation-v,
540,sewaddle,540,3,25,sewaddle,5,,,generation-v,
541,swadloon,541,5,73,swadloon,5,540.0,,generation-v,
542,leavanny,542,12,205,leavanny,5,541.0,,generation-v,
543,venipede,543,4,53,venipede,5,,,generation-v,
544,whirlipede,544,12,585,whirlipede,5,543.0,,generation-v,
545,scolipede,545,25,2005,scolipede,5,544.0,,generation-v,
546,cottonee,546,3,6,cottonee,5,,,generation-v,
547,whimsicott,547,7,66,whimsicott,5,546.0,,generation-v,
548,petilil,548,5,66,petilil,5,,,generation-v,
549,lilligant,549,11,163,lilligant,5,548.0,,generation-v,
550,basculin-red-striped,550,10,180,basculin,5,,,generation-v,
551,sandile,551,7,152,sandile,5,,,generation-v,
552,krokorok,552,10,334,krokorok,5,551.0,,generation-v,
553,krookodile,553,15,963,krookodile,5,552.0,,generation-v,
554,darumaka,554,6,375,darumaka,5,,,generation-v,
555,darmanitan-standard,555,13,929,darmanitan,5,554.0,,generation-v,
556,maractus,556,10,280,maractus,5,,,generation-v,
557,dwebble,557,3,145,dwebble,5,,,generation-v,
558,crustle,558,14,2000,crustle,5,557.0,,generation-v,
559,scraggy,559,6,118,scraggy,5,,,generation-v,
560,scrafty,560,11,300,scrafty,5,559.0,,generation-v,
561,sigilyph,561,14,140,sigilyph,5,,,generation-v,
562,yamask,562,5,15,yamask,5,,,generation-v,
563,cofagrigus,563,17,765,cofagrigus,5,562.0,,generation-v,
564,tirtouga,564,7,165,tirtouga,5,,,generation-v,
565,carracosta,565,12,810,carracosta,5,564.0,,generation-v,
566,archen,566,5,95,archen,5,,,generation-v,
567,archeops,567,14,320,archeops,5,566.0,,generation-v,
568,trubbish,568,6,310,trubbish,5,,,generation-v,
569,garbodor,569,19,1073,garbodor,5,568.0,,generation-v,
570,zorua,570,7,125,zorua,5,,,generation-v,
571,zoroark,571,16,811,zoroark,5,570.0,,generation-v,
572,minccino,572,4,58,minccino,5,,,generation-v,
573,cinccino,573,5,75,cinccino,5,572.0,,generation-v,
574,gothita,574,4,58,gothita,5,,,generation-v,
575,gothorita,575,7,180,gothorita,5,574.0,,generation-v,
576,gothitelle,576,15,440,gothitelle,5,575.0,,generation-v,
577,solosis,577,3,10,solosis,5,,,generation-v,
578,duosion,578,6,80,duosion,5,577.0,,generation-v,
579,reuniclus,579,10,201,reuniclus,5,578.0,,generation-v,
580,ducklett,580,5,55,ducklett,5,,,generation-v,
581,swanna,581,13,242,swanna,5,580.0,,generation-v,
582,vanillite,582,4,57,vanillite,5,,,generation-v,
583,vanillish,583,11,410,vanillish,5,582.0,,generation-v,
584,vanilluxe,584,13,575,vanilluxe,5,583.0,,generation-v,
585,deerling,585,6,195,deerling,5,,,generation-v,
586,sawsbuck,586,19,925,sawsbuck,5,585.0,,generation-v,
587,emolga,587,4,50,emolga,5,,,generation-v,
588,karrablast,588,5,59,karrablast,5,,,generation-v,
589,escavalier,589,10,330,escavalier,5,588.0,,generation-v,
590,foongus,590,2,10,foongus,5,,,generation-v,
591,amoonguss,591,6,105,amoonguss,5,590.0,,generation-v,
592,frillish,592,12,330,frillish,5,,,generation-v,
593,jellicent,593,22,1350,jellicent,5,592.0,,generation-v,
594,alomomola,594,12,316,alomomola,5,,,generation-v,
595,joltik,595,1,6,joltik,5,,,generation-v,
596,galvantula,596,8,143,galvantula,5,595.0,,generation-v,
597,ferroseed,597,6,188,ferroseed,5,,,generation-v,
598,ferrothorn,598,10,1100,ferrothorn,5,597.0,,generation-v,
599,klink,599,3,210,klink,5,,,generation-v,
600,klang,600,6,510,klang,5,599.0,,generation-v,
601,klinklang,601,6,810,klinklang,5,600.0,,generation-v,
602,tynamo,602,2,3,tynamo,5,,,generation-v,
603,eelektrik,603,12,220,eelektrik,5,602.0,,generation-v,
604,eelektross,604,21,805,eelektross,5,603.0,,generation-v,
605,elgyem,605,5,90,elgyem,5,,,generation-v,
606,beheeyem,606,10,345,beheeyem,5,605.0,,generation-v,
607,litwick,607,3,31,litwick,5,,,generation-v,
608,lampent,608,6,130,lampent,5,607.0,,generation-v,
609,chandelure,609,10,343,chandelure,5,608.0,,generation-v,
610,axew,610,6,180,axew,5,,,generation-v,
611,fraxure,611,10,360,fraxure,5,610.0,,generation-v,
612,haxorus,612,18,1055,haxorus,5,611.0,,generation-v,
613,cubchoo,613,5,85,cubchoo,5,,,generation-v,
614,beartic,614,26,2600,beartic,5,613.0,,generation-v,
615,cryogonal,615,11,1480,cryogonal,5,,,generation-v,
616,shelmet,616,4,77,shelmet,5,,,generation-v,
617,accelgor,617,8,253,accelgor,5,616.0,,generation-v,
618,stunfisk,618,7,110,stunfisk,5,,,generation-v,
619,mienfoo,619,9,200,mienfoo,5,,,generation-v,
620,mienshao,620,14,355,mienshao,5,619.0,,generation-v,
621,druddigon,621,16,1390,druddigon,5,,,generation-v,
622,golett,622,10,920,golett,5,,,generation-v,
623,golurk,623,28,3300,golurk,5,622.0,,generation-v,
624,pawniard,624,5,102,pawniard,5,,,generation-v,
625,bisharp,625,16,700,bisharp,5,624.0,,generation-v,
626,bouffalant,626,16,946,bouffalant,5,,,generation-v,
627,rufflet,627,5,105,rufflet,5,,,generation-v,
628,braviary,628,15,410,braviary,5,627.0,,generation-v,
629,vullaby,629,5,90,vullaby,5,,,generation-v,
630,mandibuzz,630,12,395,mandibuzz,5,629.0,,generation-v,
631,heatmor,631,14,580,heatmor,5,,,generation-v,
632,durant,632,3,330,durant,5,,,generation-v,
633,deino,633,8,173,deino,5,,,generation-v,
634,zweilous,634,14,500,zweilous,5,633.0,,generation-v,
635,hydreigon,635,18,1600,hydreigon,5,634.0,,generation-v,
636,larvesta,636,11,288,larvesta,5,,,generation-v,
637,volcarona,637,16,460,volcarona,5,636.0,,generation-v,
638,cobalion,638,21,2500,cobalion,5,,,generation-v,
639,terrakion,639,19,2600,terrakion,5,,,generation-v,
640,virizion,640,20,2000,virizion,5,,,generation-v,
641,tornadus-incarnate,641,15,630,tornadus,5,,,generation-v,
642,thundurus-incarnate,642,15,610,thundurus,5,,,generation-v,
643,reshiram,643,32,3300,reshiram,5,,,generation-v,
644,zekrom,644,29,3450,zekrom,5,,,generation-v,
645,landorus-incarnate,645,15,680,landorus,5,,,generation-v,
646,kyurem,646,30,3250,kyurem,5,,,generation-v,
647,keldeo-ordinary,647,14,485,keldeo,5,,,generation-v,
648,meloetta-aria,648,6,65,meloetta,5,,,generation-v,
649,genesect,649,15,825,genesect,5,,,generation-v,
650,chespin,650,4,90,chespin,6,,,generation-vi,
651,quilladin,651,7,290,quilladin,6,650.0,,generation-vi,
652,chesnaught,652,16,900,chesnaught,6,651.0,,generation-vi,
653,fennekin,653,4,94,fennekin,6,,,generation-vi,
654,braixen,654,10,145,braixen,6,653.0,,generation-vi,
655,delphox,655,15,390,delphox,6,654.0,,generation-vi,
656,froakie,656,3,70,froakie,6,,,generation-vi,
657,frogadier,657,6,109,frogadier,6,656.0,,generation-vi,
658,greninja,658,15,400,greninja,6,657.0,,generation-vi,
659,bunnelby,659,4,50,bunnelby,6,,,generation-vi,
660,diggersby,660,10,424,diggersby,6,659.0,,generation-vi,
661,fletchling,661,3,17,fletchling,6,,,generation-vi,
662,fletchinder,662,7,160,fletchinder,6,661.0,,generation-vi,
663,talonflame,663,12,245,talonflame,6,662.0,,generation-vi,
664,scatterbug,664,3,25,scatterbug,6,,,generation-vi,
665,spewpa,665,3,84,spewpa,6,664.0,,generation-vi,
666,vivillon,666,12,170,vivillon,6,665.0,,generation-vi,
667,litleo,667,6,135,litleo,6,,,generation-vi,
668,pyroar,668,15,815,pyroar,6,667.0,,generation-vi,
669,flabebe,669,1,1,flabebe,6,,,generation-vi,
670,floette,670,2,9,floette,6,669.0,,generation-vi,
671,florges,671,11,100,florges,6,670.0,,generation-vi,
672,skiddo,672,9,310,skiddo,6,,,generation-vi,
673,gogoat,673,17,910,gogoat,6,672.0,,generation-vi,
674,pancham,674,6,80,pancham,6,,,generation-vi,
675,pangoro,675,21,1360,pangoro,6,674.0,,generation-vi,
676,furfrou,676,12,280,furfrou,6,,,generation-vi,
677,espurr,677,3,35,espurr,6,,,generation-vi,
678,meowstic-male,678,6,85,meowstic,6,677.0,,generation-vi,
679,honedge,679,8,20,honedge,6,,,generation-vi,
680,doublade,680,8,45,doublade,6,679.0,,generation-vi,
681,aegislash-shield,681,17,530,aegislash,6,680.0,,generation-vi,
682,spritzee,682,2,5,spritzee,6,,,generation-vi,
683,aromatisse,683,8,155,aromatisse,6,682.0,,generation-vi,
684,swirlix,684,4,35,swirlix,6,,,generation-vi,
685,slurpuff,685,8,50,slurpuff,6,684.0,,generation-vi,
686,inkay,686,4,35,inkay,6,,,generation-vi,
687,malamar,687,15,470,malamar,6,686.0,,generation-vi,
688,binacle,688,5,310,binacle,6,,,generation-vi,
689,barbaracle,689,13,960,barbaracle,6,688.0,,generation-vi,
690,skrelp,690,5,73,skrelp,6,,,generation-vi,
691,dragalge,691,18,815,dragalge,6,690.0,,generation-vi,
692,clauncher,692,5,83,clauncher,6,,,generation-vi,
693,clawitzer,693,13,353,clawitzer,6,692.0,,generation-vi,
694,helioptile,694,5,60,helioptile,6,,,generation-vi,
695,heliolisk,695,10,210,heliolisk,6,694.0,,generation-vi,
696,tyrunt,696,8,260,tyrunt,6,,,generation-vi,
697,tyrantrum,697,25,2700,tyrantrum,6,696.0,,generation-vi,
698,amaura,698,13,252,amaura,6,,,generation-vi,
699,aurorus,699,27,2250,aurorus,6,698.0,,generation-vi,
700,sylveon,700,10,235,sylveon,6,133.0,,generation-vi,
701,hawlucha,701,8,215,hawlucha,6,,,generation-vi,
702,dedenne,702,2,22,dedenne,6,,,generation-vi,
703,carbink,703,3,57,carbink,6,,,generation-vi,
704,goomy,704,3,28,goomy,6,,,generation-vi,
705,sliggoo,705,8,175,sliggoo,6,704.0,,generation-vi,
706,goodra,706,20,1505,goodra,6,705.0,,generation-vi,
707,klefki,707,2,30,klefki,6,,,generation-vi,
708,phantump,708,4,70,phantump,6,,,generation-vi,
709,trevenant,709,15,710,trevenant,6,708.0,,generation-vi,
710,pumpkaboo-average,710,4,50,pumpkaboo,6,,,generation-vi,
711,gourgeist-average,711,9,125,gourgeist,6,710.0,,generation-vi,
712,bergmite,712,10,995,bergmite,6,,,generation-vi,
713,avalugg,713,20,5050,avalugg,6,712.0,,generation-vi,
714,noibat,714,5,80,noibat,6,,,generation-vi,
715,noivern,715,15,850,noivern,6,714.0,,generation-vi,
716,xerneas,716,30,2150,xerneas,6,,,generation-vi,
717,yveltal,717,58,2030,yveltal,6,,,generation-vi,
718,zygarde,718,50,3050,zygarde,6,,,generation-vi,
719,diancie,719,7,88,diancie,6,,,generation-vi,
720,hoopa,720,5,90,hoopa,6,,,generation-vi,
721,volcanion,721,17,1950,volcanion,6,,,generation-vi,
722,rowlet,722,3,15,rowlet,7,,,sun-moon,
723,dartrix,723,7,160,dartrix,7,722.0,,sun-moon,
724,decidueye,724,16,366,decidueye,7,723.0,,sun-moon,
725,litten,725,4,43,litten,7,,,sun-moon,
726,torracat,726,7,250,torracat,7,725.0,,sun-moon,
727,incineroar,727,18,830,incineroar,7,726.0,,sun-moon,
728,popplio,728,4,75,popplio,7,,,sun-moon,
729,brionne,729,6,175,brionne,7,728.0,,sun-moon,
730,primarina,730,18,440,primarina,7,729.0,,sun-moon,
731,pikipek,731,3,12,pikipek,7,,,sun-moon,
732,trumbeak,732,6,148,trumbeak,7,731.0,,sun-moon,
733,toucannon,733,11,260,toucannon,7,732.0,,sun-moon,
734,yungoos,734,4,60,yungoos,7,,,sun-moon,
735,gumshoos,735,7,142,gumshoos,7,734.0,,sun-moon,
736,grubbin,736,4,44,grubbin,7,,,sun-moon,
737,charjabug,737,5,105,charjabug,7,736.0,,sun-moon,
738,vikavolt,738,15,450,vikavolt,7,737.0,,sun-moon,
739,crabrawler,739,6,70,crabrawler,7,,,sun-moon,
740,crabominable,740,17,1800,crabominable,7,739.0,,sun-moon,
741,oricorio-baile,741,6,34,oricorio,7,,,sun-moon,
742,cutiefly,742,1,2,cutiefly,7,,,sun-moon,
743,ribombee,743,2,5,ribombee,7,742.0,,sun-moon,
744,rockruff,744,5,92,rockruff,7,,,sun-moon,
745,lycanroc-midday,745,8,250,lycanroc,7,744.0,,sun-moon,
746,wishiwashi-solo,746,2,3,wishiwashi,7,,,sun-moon,
747,mareanie,747,4,80,mareanie,7,,,sun-moon,
748,toxapex,748,7,145,toxapex,7,747.0,,sun-moon,
749,mudbray,749,10,1100,mudbray,7,,,sun-moon,
750,mudsdale,750,25,9200,mudsdale,7,749.0,,sun-moon,
751,dewpider,751,3,40,dewpider,7,,,sun-moon,
752,araquanid,752,18,820,araquanid,7,751.0,,sun-moon,
753,fomantis,753,3,15,fomantis,7,,,sun-moon,
754,lurantis,754,9,185,lurantis,7,753.0,,sun-moon,
755,morelull,755,2,15,morelull,7,,,sun-moon,
756,shiinotic,756,10,115,shiinotic,7,755.0,,sun-moon,
757,salandit,757,6,48,salandit,7,,,sun-moon,
758,salazzle,758,12,222,salazzle,7,757.0,,sun-moon,
759,stufful,759,5,68,stufful,7,,,sun-moon,
760,bewear,760,21,1350,bewear,7,759.0,,sun-moon,
761,bounsweet,761,3,32,bounsweet,7,,,sun-moon,
762,steenee,762,7,82,steenee,7,761.0,,sun-moon,
763,tsareena,763,12,214,tsareena,7,762.0,,sun-moon,
764,comfey,764,1,3,comfey,7,,,sun-moon,
765,oranguru,765,15,760,oranguru,7,,,sun-moon,
766,passimian,766,20,828,passimian,7,,,sun-moon,
767,wimpod,767,5,120,wimpod,7,,,sun-moon,
768,golisopod,768,20,1080,golisopod,7,767.0,,sun-moon,
769,sandygast,769,5,700,sandygast,7,,,sun-moon,
770,palossand,770,13,2500,palossand,7,769.0,,sun-moon,
771,pyukumuku,771,3,12,pyukumuku,7,,,sun-moon,
772,type-null,772,19,1205,type-null,7,,,sun-moon,
773,silvally,773,23,1005,silvally,7,772.0,,sun-moon,
774,minior-red-meteor,774,3,400,minior,7,,,sun-moon,
775,komala,775,4,199,komala,7,,,sun-moon,
776,turtonator,776,20,2120,turtonator,7,,,sun-moon,
777,togedemaru,777,3,33,togedemaru,7,,,sun-moon,
778,mimikyu-disguised,778,2,7,mimikyu,7,,,sun-moon,
779,bruxish,779,9,190,bruxish,7,,,sun-moon,
780,drampa,780,30,1850,drampa,7,,,sun-moon,
781,dhelmise,781,39,2100,dhelmise,7,,,sun-moon,
782,jangmo-o,782,6,297,jangmo-o,7,,,sun-moon,
783,hakamo-o,783,12,470,hakamo-o,7,782.0,,sun-moon,
784,kommo-o,784,16,782,kommo-o,7,783.0,,sun-moon,
785,tapu-koko,785,18,205,tapu-koko,7,,,sun-moon,
786,tapu-lele,786,12,186,tapu-lele,7,,,sun-moon,
787,tapu-bulu,787,19,455,tapu-bulu,7,,,sun-moon,
788,tapu-fini,788,13,212,tapu-fini,7,,,sun-moon,
789,cosmog,789,2,1,cosmog,7,,,sun-moon,
790,cosmoem,790,1,9999,cosmoem,7,789.0,,sun-moon,
791,solgaleo,791,34,2300,solgaleo,7,790.0,,sun-moon,
792,lunala,792,40,1200,lunala,7,790.0,,sun-moon,
793,nihilego,793,12,555,nihilego,7,,,sun-moon,
794,buzzwole,794,24,3336,buzzwole,7,,,sun-moon,
795,pheromosa,795,18,250,pheromosa,7,,,sun-moon,
796,xurkitree,796,38,1000,xurkitree,7,,,sun-moon,
797,celesteela,797,92,9999,celesteela,7,,,sun-moon,
798,kartana,798,3,1,kartana,7,,,sun-moon,
799,guzzlord,799,55,8880,guzzlord,7,,,sun-moon,
800,necrozma,800,24,2300,necrozma,7,,,sun-moon,
801,magearna,801,10,805,magearna,7,,,sun-moon,
802,marshadow,802,7,222,marshadow,7,,,sun-moon,
10001,deoxys-attack,386,17,608,deoxys,3,,5.0,generation-iii,rare
10002,deoxys-defense,386,17,608,deoxys,3,,5.0,generation-iii,rare
10003,deoxys-speed,386,17,608,deoxys,3,,5.0,generation-iii,rare
10004,wormadam-sandy,413,5,65,wormadam,4,412.0,,generation-iv,
10005,wormadam-trash,413,5,65,wormadam,4,412.0,,generation-iv,
10006,shaymin-sky,492,4,52,shaymin,4,,,generation-iv,
10007,giratina-origin,487,69,6500,giratina,4,,,generation-iv,
10008,rotom-heat,479,3,3,rotom,4,,,generation-iv,
10009,rotom-wash,479,3,3,rotom,4,,,generation-iv,
10010,rotom-frost,479,3,3,rotom,4,,,generation-iv,
10011,rotom-fan,479,3,3,rotom,4,,,generation-iv,
10012,rotom-mow,479,3,3,rotom,4,,,generation-iv,
10013,castform-sunny,351,3,8,castform,3,,3.0,generation-iii,grassland
10014,castform-rainy,351,3,8,castform,3,,3.0,generation-iii,grassland
10015,castform-snowy,351,3,8,castform,3,,3.0,generation-iii,grassland
10016,basculin-blue-striped,550,10,180,basculin,5,,,generation-v,
10017,darmanitan-zen,555,13,929,darmanitan,5,554.0,,generation-v,
10018,meloetta-pirouette,648,6,65,meloetta,5,,,generation-v,
10019,tornadus-therian,641,14,630,tornadus,5,,,generation-v,
10020,thundurus-therian,642,30,610,thundurus,5,,,generation-v,
10021,landorus-therian,645,13,680,landorus,5,,,generation-v,
10022,kyurem-black,646,33,3250,kyurem,5,,,generation-v,
10023,kyurem-white,646,36,3250,kyurem,5,,,generation-v,
10024,keldeo-resolute,647,14,485,keldeo,5,,,generation-v,
10025,meowstic-female,678,6,85,meowstic,6,677.0,,generation-vi,
10026,aegislash-blade,681,17,530,aegislash,6,680.0,,generation-vi,
10027,pumpkaboo-small,710,3,35,pumpkaboo,6,,,generation-vi,
10028,pumpkaboo-large,710,5,75,pumpkaboo,6,,,generation-vi,
10029,pumpkaboo-super,710,8,150,pumpkaboo,6,,,generation-vi,
10030,gourgeist-small,711,7,95,gourgeist,6,710.0,,generation-vi,
10031,gourgeist-large,711,11,140,gourgeist,6,710.0,,generation-vi,
10032,gourgeist-super,711,17,390,gourgeist,6,710.0,,generation-vi,
10033,venusaur-mega,3,24,1555,venusaur,1,2.0,3.0,generation-i,grassland
10034,charizard-mega-x,6,17,1105,charizard,1,5.0,4.0,generation-i,mountain
10035,charizard-mega-y,6,17,1005,charizard,1,5.0,4.0,generation-i,mountain
10036,blastoise-mega,9,16,1011,blastoise,1,8.0,9.0,generation-i,waters-edge
10037,alakazam-mega,65,12,480,alakazam,1,64.0,8.0,generation-i,urban
10038,gengar-mega,94,14,405,gengar,1,93.0,1.0,generation-i,cave
10039,kangaskhan-mega,115,22,1000,kangaskhan,1,,3.0,generation-i,grassland
10040,pinsir-mega,127,17,590,pinsir,1,,2.0,generation-i,forest
10041,gyarados-mega,130,65,3050,gyarados,1,129.0,9.0,generation-i,waters-edge
10042,aerodactyl-mega,142,21,790,aerodactyl,1,,4.0,generation-i,mountain
10043,mewtwo-mega-x,150,23,1270,mewtwo,1,,5.0,generation-i,rare
10044,mewtwo-mega-y,150,15,330,mewtwo,1,,5.0,generation-i,rare
10045,ampharos-mega,181,14,615,ampharos,2,180.0,3.0,generation-ii,grassland
10046,scizor-mega,212,20,1250,scizor,2,123.0,3.0,generation-ii,grassland
10047,heracross-mega,214,17,625,heracross,2,,2.0,generation-ii,forest
10048,houndoom-mega,229,19,495,houndoom,2,228.0,6.0,generation-ii,rough-terrain
10049,tyranitar-mega,248,25,2550,tyranitar,2,247.0,4.0,generation-ii,mountain
10050,blaziken-mega,257,19,520,blaziken,3,256.0,3.0,generation-iii,grassland
10051,gardevoir-mega,282,16,484,gardevoir,3,281.0,8.0,generation-iii,urban
10052,mawile-mega,303,10,235,mawile,3,,1.0,generation-iii,cave
10053,aggron-mega,306,22,3950,aggron,3,305.0,4.0,generation-iii,mountain
10054,medicham-mega,308,13,315,medicham,3,307.0,4.0,generation-iii,mountain
10055,manectric-mega,310,18,440,manectric,3,309.0,3.0,generation-iii,grassland
10056,banette-mega,354,12,130,banette,3,353.0,8.0,generation-iii,urban
10057,absol-mega,359,12,490,absol,3,,4.0,generation-iii,mountain
10058,garchomp-mega,445,19,950,garchomp,4,444.0,,generation-iv,
10059,lucario-mega,448,13,575,lucario,4,447.0,,generation-iv,
10060,abomasnow-mega,460,27,1850,abomasnow,4,459.0,,generation-iv,
10061,floette-eternal,670,2,9,floette,6,669.0,,generation-vi,
10062,latias-mega,380,18,520,latias,3,,9.0,generation-iii,waters-edge
10063,latios-mega,381,23,700,latios,3,,9.0,generation-iii,waters-edge
10064,swampert-mega,260,19,1020,swampert,3,259.0,9.0,generation-iii,waters-edge
10065,sceptile-mega,254,19,552,sceptile,3,253.0,2.0,generation-iii,forest
10066,sableye-mega,302,5,1610,sableye,3,,1.0,generation-iii,cave
10067,altaria-mega,334,15,206,altaria,3,333.0,2.0,generation-iii,forest
10068,gallade-mega,475,16,564,gallade,4,281.0,,generation-iv,
10069,audino-mega,531,15,320,audino,5,,,generation-v,
10070,sharpedo-mega,319,25,1303,sharpedo,3,318.0,7.0,generation-iii,sea
10071,slowbro-mega,80,20,1200,slowbro,1,79.0,9.0,generation-i,waters-edge
10072,steelix-mega,208,105,7400,steelix,2,95.0,1.0,generation-ii,cave
10073,pidgeot-mega,18,22,505,pidgeot,1,17.0,2.0,generation-i,forest
10074,glalie-mega,362,21,3502,glalie,3,361.0,1.0,generation-iii,cave
10075,diancie-mega,719,11,278,diancie,6,,,generation-vi,
10076,metagross-mega,376,25,9429,metagross,3,375.0,6.0,generation-iii,rough-terrain
10077,kyogre-primal,382,98,4300,kyogre,3,,7.0,generation-iii,sea
10078,groudon-primal,383,50,9997,groudon,3,,6.0,generation-iii,rough-terrain
10079,rayquaza-mega,384,108,3920,rayquaza,3,,5.0,generation-iii,rare
10080,pikachu-rock-star,25,4,60,pikachu,1,172.0,2.0,generation-i,forest
10081,pikachu-belle,25,4,60,pikachu,1,172.0,2.0,generation-i,forest
10082,pikachu-pop-star,25,4,60,pikachu,1,172.0,2.0,generation-i,forest
10083,pikachu-phd,25,4,60,pikachu,1,172.0,2.0,generation-i,forest
10084,pikachu-libre,25,4,60,pikachu,1,172.0,2.0,generation-i,forest
10085,pikachu-cosplay,25,4,60,pikachu,1,172.0,2.0,generation-i,forest
10086,hoopa-unbound,720,65,4900,hoopa,6,,,generation-vi,
10087,camerupt-mega,323,25,3205,camerupt,3,322.0,4.0,generation-iii,mountain
10088,lopunny-mega,428,13,283,lopunny,4,427.0,,generation-iv,
10089,salamence-mega,373,18,1126,salamence,3,372.0,6.0,generation-iii,rough-terrain
10090,beedrill-mega,15,14,405,beedrill,1,14.0,2.0,generation-i,forest
10091,rattata-alola,19,3,38,rattata,1,,3.0,generation-i,grassland
10092,raticate-alola,20,7,255,raticate,1,19.0,3.0,generation-i,grassland
10093,raticate-totem-alola,20,14,1050,raticate,1,19.0,3.0,generation-i,grassland
10094,pikachu-original-cap,25,4,60,pikachu,1,172.0,2.0,generation-i,forest
10095,pikachu-hoenn-cap,25,4,60,pikachu,1,172.0,2.0,generation-i,forest
10096,pikachu-sinnoh-cap,25,4,60,pikachu,1,172.0,2.0,generation-i,forest
10097,pikachu-unova-cap,25,4,60,pikachu,1,172.0,2.0,generation-i,forest
10098,pikachu-kalos-cap,25,4,60,pikachu,1,172.0,2.0,generation-i,forest
10099,pikachu-alola-cap,25,4,60,pikachu,1,172.0,2.0,generation-i,forest
10100,raichu-alola,26,7,210,raichu,1,25.0,2.0,generation-i,forest
10101,sandshrew-alola,27,7,400,sandshrew,1,,6.0,generation-i,rough-terrain
10102,sandslash-alola,28,12,550,sandslash,1,27.0,6.0,generation-i,rough-terrain
10103,vulpix-alola,37,6,99,vulpix,1,,3.0,generation-i,grassland
10104,ninetales-alola,38,11,199,ninetales,1,37.0,3.0,generation-i,grassland
10105,diglett-alola,50,2,10,diglett,1,,1.0,generation-i,cave
10106,dugtrio-alola,51,7,666,dugtrio,1,50.0,1.0,generation-i,cave
10107,meowth-alola,52,4,42,meowth,1,,8.0,generation-i,urban
10108,persian-alola,53,11,330,persian,1,52.0,8.0,generation-i,urban
10109,geodude-alola,74,4,203,geodude,1,,4.0,generation-i,mountain
10110,graveler-alola,75,10,1100,graveler,1,74.0,4.0,generation-i,mountain
10111,golem-alola,76,17,3160,golem,1,75.0,4.0,generation-i,mountain
10112,grimer-alola,88,7,420,grimer,1,,8.0,generation-i,urban
10113,muk-alola,89,10,520,muk,1,88.0,8.0,generation-i,urban
10114,exeggutor-alola,103,109,4156,exeggutor,1,102.0,2.0,generation-i,forest
10115,marowak-alola,105,10,340,marowak,1,104.0,4.0,generation-i,mountain
10116,greninja-battle-bond,658,15,400,greninja,6,657.0,,generation-vi,
10117,greninja-ash,658,15,400,greninja,6,657.0,,generation-vi,
10118,zygarde-10,718,12,335,zygarde,6,,,generation-vi,
10119,zygarde-50,718,50,3050,zygarde,6,,,generation-vi,
10120,zygarde-complete,718,45,6100,zygarde,6,,,generation-vi,
10121,gumshoos-totem,735,14,600,gumshoos,7,734.0,,sun-moon,
10122,vikavolt-totem,738,26,1475,vikavolt,7,737.0,,sun-moon,
10123,oricorio-pom-pom,741,6,34,oricorio,7,,,sun-moon,
10124,oricorio-pau,741,6,34,oricorio,7,,,sun-moon,
10125,oricorio-sensu,741,6,34,oricorio,7,,,sun-moon,
10126,lycanroc-midnight,745,11,250,lycanroc,7,744.0,,sun-moon,
10127,wishiwashi-school,746,82,786,wishiwashi,7,,,sun-moon,
10128,lurantis-totem,754,15,580,lurantis,7,753.0,,sun-moon,
10129,salazzle-totem,758,21,810,salazzle,7,757.0,,sun-moon,
10130,minior-orange-meteor,774,3,400,minior,7,,,sun-moon,
10131,minior-yellow-meteor,774,3,400,minior,7,,,sun-moon,
10132,minior-green-meteor,774,3,400,minior,7,,,sun-moon,
10133,minior-blue-meteor,774,3,400,minior,7,,,sun-moon,
10134,minior-indigo-meteor,774,3,400,minior,7,,,sun-moon,
10135,minior-violet-meteor,774,3,400,minior,7,,,sun-moon,
10136,minior-red,774,3,3,minior,7,,,sun-moon,
10137,minior-orange,774,3,3,minior,7,,,sun-moon,
10138,minior-yellow,774,3,3,minior,7,,,sun-moon,
10139,minior-green,774,3,3,minior,7,,,sun-moon,
10140,minior-blue,774,3,3,minior,7,,,sun-moon,
10141,minior-indigo,774,3,3,minior,7,,,sun-moon,
10142,minior-violet,774,3,3,minior,7,,,sun-moon,
10143,mimikyu-busted,778,2,7,mimikyu,7,,,sun-moon,
10144,mimikyu-totem-disguised,778,4,28,mimikyu,7,,,sun-moon,
10145,mimikyu-totem-busted,778,4,28,mimikyu,7,,,sun-moon,
10146,kommo-o-totem,784,24,2075,kommo-o,7,783.0,,sun-moon,
10147,magearna-original,801,10,805,magearna,7,,,sun-moon,
