pokemon_id,ability_id,ability_name
1,65,overgrow
1,34,chlorophyll
2,65,overgrow
2,34,chlorophyll
3,65,overgrow
3,34,chlorophyll
4,66,blaze
4,94,solar-power
5,66,blaze
5,94,solar-power
6,66,blaze
6,94,solar-power
7,67,torrent
7,44,rain-dish
8,67,torrent
8,44,rain-dish
9,67,torrent
9,44,rain-dish
10,19,shield-dust
10,50,run-away
11,61,shed-skin
12,14,compound-eyes
12,110,tinted-lens
13,19,shield-dust
13,50,run-away
14,61,shed-skin
15,68,swarm
15,97,sniper
16,51,keen-eye
16,77,tangled-feet
16,145,big-pecks
17,51,keen-eye
17,77,tangled-feet
17,145,big-pecks
18,51,keen-eye
18,77,tangled-feet
18,145,big-pecks
19,50,run-away
19,62,guts
19,55,hustle
20,50,run-away
20,62,guts
20,55,hustle
21,51,keen-eye
21,97,sniper
22,51,keen-eye
22,97,sniper
23,22,intimidate
23,61,shed-skin
23,127,unnerve
24,22,intimidate
24,61,shed-skin
24,127,unnerve
25,9,static
25,31,lightning-rod
26,9,static
26,31,lightning-rod
27,8,sand-veil
27,146,sand-rush
28,8,sand-veil
28,146,sand-rush
29,38,poison-point
29,79,rivalry
29,55,hustle
30,38,poison-point
30,79,rivalry
30,55,hustle
31,38,poison-point
31,79,rivalry
31,125,sheer-force
32,38,poison-point
32,79,rivalry
32,55,hustle
33,38,poison-point
33,79,rivalry
33,55,hustle
34,38,poison-point
34,79,rivalry
34,125,sheer-force
35,56,cute-charm
35,98,magic-guard
35,132,friend-guard
36,56,cute-charm
36,98,magic-guard
36,109,unaware
37,18,flash-fire
37,70,drought
38,18,flash-fire
38,70,drought
39,56,cute-charm
39,172,competitive
39,132,friend-guard
40,56,cute-charm
40,172,competitive
40,119,frisk
41,39,inner-focus
41,151,infiltrator
42,39,inner-focus
42,151,infiltrator
43,34,chlorophyll
43,50,run-away
44,34,chlorophyll
44,1,stench
45,34,chlorophyll
45,27,effect-spore
46,27,effect-spore
46,87,dry-skin
46,6,damp
47,27,effect-spore
47,87,dry-skin
47,6,damp
48,14,compound-eyes
48,110,tinted-lens
48,50,run-away
49,19,shield-dust
49,110,tinted-lens
49,147,wonder-skin
50,8,sand-veil
50,71,arena-trap
50,159,sand-force
51,8,sand-veil
51,71,arena-trap
51,159,sand-force
52,53,pickup
52,101,technician
52,127,unnerve
53,7,limber
53,101,technician
53,127,unnerve
54,6,damp
54,13,cloud-nine
54,33,swift-swim
55,6,damp
55,13,cloud-nine
55,33,swift-swim
56,72,vital-spirit
56,83,anger-point
56,128,defiant
57,72,vital-spirit
57,83,anger-point
57,128,defiant
58,22,intimidate
58,18,flash-fire
58,154,justified
59,22,intimidate
59,18,flash-fire
59,154,justified
60,11,water-absorb
60,6,damp
60,33,swift-swim
61,11,water-absorb
61,6,damp
61,33,swift-swim
62,11,water-absorb
62,6,damp
62,33,swift-swim
63,28,synchronize
63,39,inner-focus
63,98,magic-guard
64,28,synchronize
64,39,inner-focus
64,98,magic-guard
65,28,synchronize
65,39,inner-focus
65,98,magic-guard
66,62,guts
66,99,no-guard
66,80,steadfast
67,62,guts
67,99,no-guard
67,80,steadfast
68,62,guts
68,99,no-guard
68,80,steadfast
69,34,chlorophyll
69,82,gluttony
70,34,chlorophyll
70,82,gluttony
71,34,chlorophyll
71,82,gluttony
72,29,clear-body
72,64,liquid-ooze
72,44,rain-dish
73,29,clear-body
73,64,liquid-ooze
73,44,rain-dish
74,69,rock-head
74,5,sturdy
74,8,sand-veil
75,69,rock-head
75,5,sturdy
75,8,sand-veil
76,69,rock-head
76,5,sturdy
76,8,sand-veil
77,50,run-away
77,18,flash-fire
77,49,flame-body
78,50,run-away
78,18,flash-fire
78,49,flame-body
79,12,oblivious
79,20,own-tempo
79,144,regenerator
80,12,oblivious
80,20,own-tempo
80,144,regenerator
81,42,magnet-pull
81,5,sturdy
81,148,analytic
82,42,magnet-pull
82,5,sturdy
82,148,analytic
83,51,keen-eye
83,39,inner-focus
83,128,defiant
84,50,run-away
84,48,early-bird
84,77,tangled-feet
85,50,run-away
85,48,early-bird
85,77,tangled-feet
86,47,thick-fat
86,93,hydration
86,115,ice-body
87,47,thick-fat
87,93,hydration
87,115,ice-body
88,1,stench
88,60,sticky-hold
88,143,poison-touch
89,1,stench
89,60,sticky-hold
89,143,poison-touch
90,75,shell-armor
90,92,skill-link
90,142,overcoat
91,75,shell-armor
91,92,skill-link
91,142,overcoat
92,26,levitate
93,26,levitate
94,130,cursed-body
95,69,rock-head
95,5,sturdy
95,133,weak-armor
96,15,insomnia
96,108,forewarn
96,39,inner-focus
97,15,insomnia
97,108,forewarn
97,39,inner-focus
98,52,hyper-cutter
98,75,shell-armor
98,125,sheer-force
99,52,hyper-cutter
99,75,shell-armor
99,125,sheer-force
100,43,soundproof
100,9,static
100,106,aftermath
101,43,soundproof
101,9,static
101,106,aftermath
102,34,chlorophyll
102,139,harvest
103,34,chlorophyll
103,139,harvest
104,69,rock-head
104,31,lightning-rod
104,4,battle-armor
105,69,rock-head
105,31,lightning-rod
105,4,battle-armor
106,7,limber
106,120,reckless
106,84,unburden
107,51,keen-eye
107,89,iron-fist
107,39,inner-focus
108,20,own-tempo
108,12,oblivious
108,13,cloud-nine
109,26,levitate
110,26,levitate
111,31,lightning-rod
111,69,rock-head
111,120,reckless
112,31,lightning-rod
112,69,rock-head
112,120,reckless
113,30,natural-cure
113,32,serene-grace
113,131,healer
114,34,chlorophyll
114,102,leaf-guard
114,144,regenerator
115,48,early-bird
115,113,scrappy
115,39,inner-focus
116,33,swift-swim
116,97,sniper
116,6,damp
117,38,poison-point
117,97,sniper
117,6,damp
118,33,swift-swim
118,41,water-veil
118,31,lightning-rod
119,33,swift-swim
119,41,water-veil
119,31,lightning-rod
120,35,illuminate
120,30,natural-cure
120,148,analytic
121,35,illuminate
121,30,natural-cure
121,148,analytic
122,43,soundproof
122,111,filter
122,101,technician
123,68,swarm
123,101,technician
123,80,steadfast
124,12,oblivious
124,108,forewarn
124,87,dry-skin
125,9,static
125,72,vital-spirit
126,49,flame-body
126,72,vital-spirit
127,52,hyper-cutter
127,104,mold-breaker
127,153,moxie
128,22,intimidate
128,83,anger-point
128,125,sheer-force
129,33,swift-swim
129,155,rattled
130,22,intimidate
130,153,moxie
131,11,water-absorb
131,75,shell-armor
131,93,hydration
132,7,limber
132,150,imposter
133,50,run-away
133,91,adaptability
133,107,anticipation
134,11,water-absorb
134,93,hydration
135,10,volt-absorb
135,95,quick-feet
136,18,flash-fire
136,62,guts
137,36,trace
137,88,download
137,148,analytic
138,33,swift-swim
138,75,shell-armor
138,133,weak-armor
139,33,swift-swim
139,75,shell-armor
139,133,weak-armor
140,33,swift-swim
140,4,battle-armor
140,133,weak-armor
141,33,swift-swim
141,4,battle-armor
141,133,weak-armor
142,69,rock-head
142,46,pressure
142,127,unnerve
143,17,immunity
143,47,thick-fat
143,82,gluttony
144,46,pressure
144,81,snow-cloak
145,46,pressure
145,9,static
146,46,pressure
146,49,flame-body
147,61,shed-skin
147,63,marvel-scale
148,61,shed-skin
148,63,marvel-scale
149,39,inner-focus
149,136,multiscale
150,46,pressure
150,127,unnerve
151,28,synchronize
152,65,overgrow
152,102,leaf-guard
153,65,overgrow
153,102,leaf-guard
154,65,overgrow
154,102,leaf-guard
155,66,blaze
155,18,flash-fire
156,66,blaze
156,18,flash-fire
157,66,blaze
157,18,flash-fire
158,67,torrent
158,125,sheer-force
159,67,torrent
159,125,sheer-force
160,67,torrent
160,125,sheer-force
161,50,run-away
161,51,keen-eye
161,119,frisk
162,50,run-away
162,51,keen-eye
162,119,frisk
163,15,insomnia
163,51,keen-eye
163,110,tinted-lens
164,15,insomnia
164,51,keen-eye
164,110,tinted-lens
165,68,swarm
165,48,early-bird
165,155,rattled
166,68,swarm
166,48,early-bird
166,89,iron-fist
167,68,swarm
167,15,insomnia
167,97,sniper
168,68,swarm
168,15,insomnia
168,97,sniper
169,39,inner-focus
169,151,infiltrator
170,10,volt-absorb
170,35,illuminate
170,11,water-absorb
171,10,volt-absorb
171,35,illuminate
171,11,water-absorb
172,9,static
172,31,lightning-rod
173,56,cute-charm
173,98,magic-guard
173,132,friend-guard
174,56,cute-charm
174,172,competitive
174,132,friend-guard
175,55,hustle
175,32,serene-grace
175,105,super-luck
176,55,hustle
176,32,serene-grace
176,105,super-luck
177,28,synchronize
177,48,early-bird
177,156,magic-bounce
178,28,synchronize
178,48,early-bird
178,156,magic-bounce
179,9,static
179,57,plus
180,9,static
180,57,plus
181,9,static
181,57,plus
182,34,chlorophyll
182,131,healer
183,47,thick-fat
183,37,huge-power
183,157,sap-sipper
184,47,thick-fat
184,37,huge-power
184,157,sap-sipper
185,5,sturdy
185,69,rock-head
185,155,rattled
186,11,water-absorb
186,6,damp
186,2,drizzle
187,34,chlorophyll
187,102,leaf-guard
187,151,infiltrator
188,34,chlorophyll
188,102,leaf-guard
188,151,infiltrator
189,34,chlorophyll
189,102,leaf-guard
189,151,infiltrator
190,50,run-away
190,53,pickup
190,92,skill-link
191,34,chlorophyll
191,94,solar-power
191,48,early-bird
192,34,chlorophyll
192,94,solar-power
192,48,early-bird
193,3,speed-boost
193,14,compound-eyes
193,119,frisk
194,6,damp
194,11,water-absorb
194,109,unaware
195,6,damp
195,11,water-absorb
195,109,unaware
196,28,synchronize
196,156,magic-bounce
197,28,synchronize
197,39,inner-focus
198,15,insomnia
198,105,super-luck
198,158,prankster
199,12,oblivious
199,20,own-tempo
199,144,regenerator
200,26,levitate
201,26,levitate
202,23,shadow-tag
202,140,telepathy
203,39,inner-focus
203,48,early-bird
203,157,sap-sipper
204,5,sturdy
204,142,overcoat
205,5,sturdy
205,142,overcoat
206,32,serene-grace
206,50,run-away
206,155,rattled
207,52,hyper-cutter
207,8,sand-veil
207,17,immunity
208,69,rock-head
208,5,sturdy
208,125,sheer-force
209,22,intimidate
209,50,run-away
209,155,rattled
210,22,intimidate
210,95,quick-feet
210,155,rattled
211,38,poison-point
211,33,swift-swim
211,22,intimidate
212,68,swarm
212,101,technician
212,135,light-metal
213,5,sturdy
213,82,gluttony
213,126,contrary
214,68,swarm
214,62,guts
214,153,moxie
215,39,inner-focus
215,51,keen-eye
215,124,pickpocket
216,53,pickup
216,95,quick-feet
216,118,honey-gather
217,62,guts
217,95,quick-feet
217,127,unnerve
218,40,magma-armor
218,49,flame-body
218,133,weak-armor
219,40,magma-armor
219,49,flame-body
219,133,weak-armor
220,12,oblivious
220,81,snow-cloak
220,47,thick-fat
221,12,oblivious
221,81,snow-cloak
221,47,thick-fat
222,55,hustle
222,30,natural-cure
222,144,regenerator
223,55,hustle
223,97,sniper
223,141,moody
224,21,suction-cups
224,97,sniper
224,141,moody
225,72,vital-spirit
225,55,hustle
225,15,insomnia
226,33,swift-swim
226,11,water-absorb
226,41,water-veil
227,51,keen-eye
227,5,sturdy
227,133,weak-armor
228,48,early-bird
228,18,flash-fire
228,127,unnerve
229,48,early-bird
229,18,flash-fire
229,127,unnerve
230,33,swift-swim
230,97,sniper
230,6,damp
231,53,pickup
231,8,sand-veil
232,5,sturdy
232,8,sand-veil
233,36,trace
233,88,download
233,148,analytic
234,22,intimidate
234,119,frisk
234,157,sap-sipper
235,20,own-tempo
235,101,technician
235,141,moody
236,62,guts
236,80,steadfast
236,72,vital-spirit
237,22,intimidate
237,101,technician
237,80,steadfast
238,12,oblivious
238,108,forewarn
238,93,hydration
239,9,static
239,72,vital-spirit
240,49,flame-body
240,72,vital-spirit
241,47,thick-fat
241,113,scrappy
241,157,sap-sipper
242,30,natural-cure
242,32,serene-grace
242,131,healer
243,46,pressure
243,39,inner-focus
244,46,pressure
244,39,inner-focus
245,46,pressure
245,39,inner-focus
246,62,guts
246,8,sand-veil
247,61,shed-skin
248,45,sand-stream
248,127,unnerve
249,46,pressure
249,136,multiscale
250,46,pressure
250,144,regenerator
251,30,natural-cure
252,65,overgrow
252,84,unburden
253,65,overgrow
253,84,unburden
254,65,overgrow
254,84,unburden
255,66,blaze
255,3,speed-boost
256,66,blaze
256,3,speed-boost
257,66,blaze
257,3,speed-boost
258,67,torrent
258,6,damp
259,67,torrent
259,6,damp
260,67,torrent
260,6,damp
261,50,run-away
261,95,quick-feet
261,155,rattled
262,22,intimidate
262,95,quick-feet
262,153,moxie
263,53,pickup
263,82,gluttony
263,95,quick-feet
264,53,pickup
264,82,gluttony
264,95,quick-feet
265,19,shield-dust
265,50,run-away
266,61,shed-skin
267,68,swarm
267,79,rivalry
268,61,shed-skin
269,19,shield-dust
269,14,compound-eyes
270,33,swift-swim
270,44,rain-dish
270,20,own-tempo
271,33,swift-swim
271,44,rain-dish
271,20,own-tempo
272,33,swift-swim
272,44,rain-dish
272,20,own-tempo
273,34,chlorophyll
273,48,early-bird
273,124,pickpocket
274,34,chlorophyll
274,48,early-bird
274,124,pickpocket
275,34,chlorophyll
275,48,early-bird
275,124,pickpocket
276,62,guts
276,113,scrappy
277,62,guts
277,113,scrappy
278,51,keen-eye
278,93,hydration
278,44,rain-dish
279,51,keen-eye
279,2,drizzle
279,44,rain-dish
280,28,synchronize
280,36,trace
280,140,telepathy
281,28,synchronize
281,36,trace
281,140,telepathy
282,28,synchronize
282,36,trace
282,140,telepathy
283,33,swift-swim
283,44,rain-dish
284,22,intimidate
284,127,unnerve
285,27,effect-spore
285,90,poison-heal
285,95,quick-feet
286,27,effect-spore
286,90,poison-heal
286,101,technician
287,54,truant
288,72,vital-spirit
289,54,truant
290,14,compound-eyes
290,50,run-away
291,3,speed-boost
291,151,infiltrator
292,25,wonder-guard
293,43,soundproof
293,155,rattled
294,43,soundproof
294,113,scrappy
295,43,soundproof
295,113,scrappy
296,47,thick-fat
296,62,guts
296,125,sheer-force
297,47,thick-fat
297,62,guts
297,125,sheer-force
298,47,thick-fat
298,37,huge-power
298,157,sap-sipper
299,5,sturdy
299,42,magnet-pull
299,159,sand-force
300,56,cute-charm
300,96,normalize
300,147,wonder-skin
301,56,cute-charm
301,96,normalize
301,147,wonder-skin
302,51,keen-eye
302,100,stall
302,158,prankster
303,52,hyper-cutter
303,22,intimidate
303,125,sheer-force
304,5,sturdy
304,69,rock-head
304,134,heavy-metal
305,5,sturdy
305,69,rock-head
305,134,heavy-metal
306,5,sturdy
306,69,rock-head
306,134,heavy-metal
307,74,pure-power
307,140,telepathy
308,74,pure-power
308,140,telepathy
309,9,static
309,31,lightning-rod
309,58,minus
310,9,static
310,31,lightning-rod
310,58,minus
311,57,plus
311,31,lightning-rod
312,58,minus
312,10,volt-absorb
313,35,illuminate
313,68,swarm
313,158,prankster
314,12,oblivious
314,110,tinted-lens
314,158,prankster
315,30,natural-cure
315,38,poison-point
315,102,leaf-guard
316,64,liquid-ooze
316,60,sticky-hold
316,82,gluttony
317,64,liquid-ooze
317,60,sticky-hold
317,82,gluttony
318,24,rough-skin
318,3,speed-boost
319,24,rough-skin
319,3,speed-boost
320,41,water-veil
320,12,oblivious
320,46,pressure
321,41,water-veil
321,12,oblivious
321,46,pressure
322,12,oblivious
322,86,simple
322,20,own-tempo
323,40,magma-armor
323,116,solid-rock
323,83,anger-point
324,73,white-smoke
324,70,drought
324,75,shell-armor
325,47,thick-fat
325,20,own-tempo
325,82,gluttony
326,47,thick-fat
326,20,own-tempo
326,82,gluttony
327,20,own-tempo
327,77,tangled-feet
327,126,contrary
328,52,hyper-cutter
328,71,arena-trap
328,125,sheer-force
329,26,levitate
330,26,levitate
331,8,sand-veil
331,11,water-absorb
332,8,sand-veil
332,11,water-absorb
333,30,natural-cure
333,13,cloud-nine
334,30,natural-cure
334,13,cloud-nine
335,17,immunity
335,137,toxic-boost
336,61,shed-skin
336,151,infiltrator
337,26,levitate
338,26,levitate
339,12,oblivious
339,107,anticipation
339,93,hydration
340,12,oblivious
340,107,anticipation
340,93,hydration
341,52,hyper-cutter
341,75,shell-armor
341,91,adaptability
342,52,hyper-cutter
342,75,shell-armor
342,91,adaptability
343,26,levitate
344,26,levitate
345,21,suction-cups
345,114,storm-drain
346,21,suction-cups
346,114,storm-drain
347,4,battle-armor
347,33,swift-swim
348,4,battle-armor
348,33,swift-swim
349,33,swift-swim
349,12,oblivious
349,91,adaptability
350,63,marvel-scale
350,172,competitive
350,56,cute-charm
351,59,forecast
352,16,color-change
352,168,protean
353,15,insomnia
353,119,frisk
353,130,cursed-body
354,15,insomnia
354,119,frisk
354,130,cursed-body
355,26,levitate
355,119,frisk
356,46,pressure
356,119,frisk
357,34,chlorophyll
357,94,solar-power
357,139,harvest
358,26,levitate
359,46,pressure
359,105,super-luck
359,154,justified
360,23,shadow-tag
360,140,telepathy
361,39,inner-focus
361,115,ice-body
361,141,moody
362,39,inner-focus
362,115,ice-body
362,141,moody
363,47,thick-fat
363,115,ice-body
363,12,oblivious
364,47,thick-fat
364,115,ice-body
364,12,oblivious
365,47,thick-fat
365,115,ice-body
365,12,oblivious
366,75,shell-armor
366,155,rattled
367,33,swift-swim
367,41,water-veil
368,33,swift-swim
368,93,hydration
369,33,swift-swim
369,69,rock-head
369,5,sturdy
370,33,swift-swim
370,93,hydration
371,69,rock-head
371,125,sheer-force
372,69,rock-head
372,142,overcoat
373,22,intimidate
373,153,moxie
374,29,clear-body
374,135,light-metal
375,29,clear-body
375,135,light-metal
376,29,clear-body
376,135,light-metal
377,29,clear-body
377,5,sturdy
378,29,clear-body
378,115,ice-body
379,29,clear-body
379,135,light-metal
380,26,levitate
381,26,levitate
382,2,drizzle
383,70,drought
384,76,air-lock
385,32,serene-grace
386,46,pressure
387,65,overgrow
387,75,shell-armor
388,65,overgrow
388,75,shell-armor
389,65,overgrow
389,75,shell-armor
390,66,blaze
390,89,iron-fist
391,66,blaze
391,89,iron-fist
392,66,blaze
392,89,iron-fist
393,67,torrent
393,128,defiant
394,67,torrent
394,128,defiant
395,67,torrent
395,128,defiant
396,51,keen-eye
396,120,reckless
397,22,intimidate
397,120,reckless
398,22,intimidate
398,120,reckless
399,86,simple
399,109,unaware
399,141,moody
400,86,simple
400,109,unaware
400,141,moody
401,61,shed-skin
401,50,run-away
402,68,swarm
402,101,technician
403,79,rivalry
403,22,intimidate
403,62,guts
404,79,rivalry
404,22,intimidate
404,62,guts
405,79,rivalry
405,22,intimidate
405,62,guts
406,30,natural-cure
406,38,poison-point
406,102,leaf-guard
407,30,natural-cure
407,38,poison-point
407,101,technician
408,104,mold-breaker
408,125,sheer-force
409,104,mold-breaker
409,125,sheer-force
410,5,sturdy
410,43,soundproof
411,5,sturdy
411,43,soundproof
412,61,shed-skin
412,142,overcoat
413,107,anticipation
413,142,overcoat
414,68,swarm
414,110,tinted-lens
415,118,honey-gather
415,55,hustle
416,46,pressure
416,127,unnerve
417,50,run-away
417,53,pickup
417,10,volt-absorb
418,33,swift-swim
418,41,water-veil
419,33,swift-swim
419,41,water-veil
420,34,chlorophyll
421,122,flower-gift
422,60,sticky-hold
422,114,storm-drain
422,159,sand-force
423,60,sticky-hold
423,114,storm-drain
423,159,sand-force
424,101,technician
424,53,pickup
424,92,skill-link
425,106,aftermath
425,84,unburden
425,138,flare-boost
426,106,aftermath
426,84,unburden
426,138,flare-boost
427,50,run-away
427,103,klutz
427,7,limber
428,56,cute-charm
428,103,klutz
428,7,limber
429,26,levitate
430,15,insomnia
430,105,super-luck
430,153,moxie
431,7,limber
431,20,own-tempo
431,51,keen-eye
432,47,thick-fat
432,20,own-tempo
432,128,defiant
433,26,levitate
434,1,stench
434,106,aftermath
434,51,keen-eye
435,1,stench
435,106,aftermath
435,51,keen-eye
436,26,levitate
436,85,heatproof
436,134,heavy-metal
437,26,levitate
437,85,heatproof
437,134,heavy-metal
438,5,sturdy
438,69,rock-head
438,155,rattled
439,43,soundproof
439,111,filter
439,101,technician
440,30,natural-cure
440,32,serene-grace
440,132,friend-guard
441,51,keen-eye
441,77,tangled-feet
441,145,big-pecks
442,46,pressure
442,151,infiltrator
443,8,sand-veil
443,24,rough-skin
444,8,sand-veil
444,24,rough-skin
445,8,sand-veil
445,24,rough-skin
446,53,pickup
446,47,thick-fat
446,82,gluttony
447,80,steadfast
447,39,inner-focus
447,158,prankster
448,80,steadfast
448,39,inner-focus
448,154,justified
449,45,sand-stream
449,159,sand-force
450,45,sand-stream
450,159,sand-force
451,4,battle-armor
451,97,sniper
451,51,keen-eye
452,4,battle-armor
452,97,sniper
452,51,keen-eye
453,107,anticipation
453,87,dry-skin
453,143,poison-touch
454,107,anticipation
454,87,dry-skin
454,143,poison-touch
455,26,levitate
456,33,swift-swim
456,114,storm-drain
456,41,water-veil
457,33,swift-swim
457,114,storm-drain
457,41,water-veil
458,33,swift-swim
458,11,water-absorb
458,41,water-veil
459,117,snow-warning
459,43,soundproof
460,117,snow-warning
460,43,soundproof
461,46,pressure
461,124,pickpocket
462,42,magnet-pull
462,5,sturdy
462,148,analytic
463,20,own-tempo
463,12,oblivious
463,13,cloud-nine
464,31,lightning-rod
464,116,solid-rock
464,120,reckless
465,34,chlorophyll
465,102,leaf-guard
465,144,regenerator
466,78,motor-drive
466,72,vital-spirit
467,49,flame-body
467,72,vital-spirit
468,55,hustle
468,32,serene-grace
468,105,super-luck
469,3,speed-boost
469,110,tinted-lens
469,119,frisk
470,102,leaf-guard
470,34,chlorophyll
471,81,snow-cloak
471,115,ice-body
472,52,hyper-cutter
472,8,sand-veil
472,90,poison-heal
473,12,oblivious
473,81,snow-cloak
473,47,thick-fat
474,91,adaptability
474,88,download
474,148,analytic
475,80,steadfast
475,154,justified
476,5,sturdy
476,42,magnet-pull
476,159,sand-force
477,46,pressure
477,119,frisk
478,81,snow-cloak
478,130,cursed-body
479,26,levitate
480,26,levitate
481,26,levitate
482,26,levitate
483,46,pressure
483,140,telepathy
484,46,pressure
484,140,telepathy
485,18,flash-fire
485,49,flame-body
486,112,slow-start
487,46,pressure
487,140,telepathy
488,26,levitate
489,93,hydration
490,93,hydration
491,123,bad-dreams
492,30,natural-cure
493,121,multitype
494,162,victory-star
495,65,overgrow
495,126,contrary
496,65,overgrow
496,126,contrary
497,65,overgrow
497,126,contrary
498,66,blaze
498,47,thick-fat
499,66,blaze
499,47,thick-fat
500,66,blaze
500,120,reckless
501,67,torrent
501,75,shell-armor
502,67,torrent
502,75,shell-armor
503,67,torrent
503,75,shell-armor
504,50,run-away
504,51,keen-eye
504,148,analytic
505,35,illuminate
505,51,keen-eye
505,148,analytic
506,72,vital-spirit
506,53,pickup
506,50,run-away
507,22,intimidate
507,146,sand-rush
507,113,scrappy
508,22,intimidate
508,146,sand-rush
508,113,scrappy
509,7,limber
509,84,unburden
509,158,prankster
510,7,limber
510,84,unburden
510,158,prankster
511,82,gluttony
511,65,overgrow
512,82,gluttony
512,65,overgrow
513,82,gluttony
513,66,blaze
514,82,gluttony
514,66,blaze
515,82,gluttony
515,67,torrent
516,82,gluttony
516,67,torrent
517,108,forewarn
517,28,synchronize
517,140,telepathy
518,108,forewarn
518,28,synchronize
518,140,telepathy
519,145,big-pecks
519,105,super-luck
519,79,rivalry
520,145,big-pecks
520,105,super-luck
520,79,rivalry
521,145,big-pecks
521,105,super-luck
521,79,rivalry
522,31,lightning-rod
522,78,motor-drive
522,157,sap-sipper
523,31,lightning-rod
523,78,motor-drive
523,157,sap-sipper
524,5,sturdy
524,133,weak-armor
524,159,sand-force
525,5,sturdy
525,133,weak-armor
525,159,sand-force
526,5,sturdy
526,45,sand-stream
526,159,sand-force
527,109,unaware
527,103,klutz
527,86,simple
528,109,unaware
528,103,klutz
528,86,simple
529,146,sand-rush
529,159,sand-force
529,104,mold-breaker
530,146,sand-rush
530,159,sand-force
530,104,mold-breaker
531,131,healer
531,144,regenerator
531,103,klutz
532,62,guts
532,125,sheer-force
532,89,iron-fist
533,62,guts
533,125,sheer-force
533,89,iron-fist
534,62,guts
534,125,sheer-force
534,89,iron-fist
535,33,swift-swim
535,93,hydration
535,11,water-absorb
536,33,swift-swim
536,93,hydration
536,11,water-absorb
537,33,swift-swim
537,143,poison-touch
537,11,water-absorb
538,62,guts
538,39,inner-focus
538,104,mold-breaker
539,5,sturdy
539,39,inner-focus
539,104,mold-breaker
540,68,swarm
540,34,chlorophyll
540,142,overcoat
541,102,leaf-guard
541,34,chlorophyll
541,142,overcoat
542,68,swarm
542,34,chlorophyll
542,142,overcoat
543,38,poison-point
543,68,swarm
543,3,speed-boost
544,38,poison-point
544,68,swarm
544,3,speed-boost
545,38,poison-point
545,68,swarm
545,3,speed-boost
546,158,prankster
546,151,infiltrator
546,34,chlorophyll
547,158,prankster
547,151,infiltrator
547,34,chlorophyll
548,34,chlorophyll
548,20,own-tempo
548,102,leaf-guard
549,34,chlorophyll
549,20,own-tempo
549,102,leaf-guard
550,120,reckless
550,91,adaptability
550,104,mold-breaker
551,22,intimidate
551,153,moxie
551,83,anger-point
552,22,intimidate
552,153,moxie
552,83,anger-point
553,22,intimidate
553,153,moxie
553,83,anger-point
554,55,hustle
554,39,inner-focus
555,125,sheer-force
555,161,zen-mode
556,11,water-absorb
556,34,chlorophyll
556,114,storm-drain
557,5,sturdy
557,75,shell-armor
557,133,weak-armor
558,5,sturdy
558,75,shell-armor
558,133,weak-armor
559,61,shed-skin
559,153,moxie
559,22,intimidate
560,61,shed-skin
560,153,moxie
560,22,intimidate
561,147,wonder-skin
561,98,magic-guard
561,110,tinted-lens
562,152,mummy
563,152,mummy
564,116,solid-rock
564,5,sturdy
564,33,swift-swim
565,116,solid-rock
565,5,sturdy
565,33,swift-swim
566,129,defeatist
567,129,defeatist
568,1,stench
568,60,sticky-hold
568,106,aftermath
569,1,stench
569,133,weak-armor
569,106,aftermath
570,149,illusion
571,149,illusion
572,56,cute-charm
572,101,technician
572,92,skill-link
573,56,cute-charm
573,101,technician
573,92,skill-link
574,119,frisk
574,172,competitive
574,23,shadow-tag
575,119,frisk
575,172,competitive
575,23,shadow-tag
576,119,frisk
576,172,competitive
576,23,shadow-tag
577,142,overcoat
577,98,magic-guard
577,144,regenerator
578,142,overcoat
578,98,magic-guard
578,144,regenerator
579,142,overcoat
579,98,magic-guard
579,144,regenerator
580,51,keen-eye
580,145,big-pecks
580,93,hydration
581,51,keen-eye
581,145,big-pecks
581,93,hydration
582,115,ice-body
582,81,snow-cloak
582,133,weak-armor
583,115,ice-body
583,81,snow-cloak
583,133,weak-armor
584,115,ice-body
584,117,snow-warning
584,133,weak-armor
585,34,chlorophyll
585,157,sap-sipper
585,32,serene-grace
586,34,chlorophyll
586,157,sap-sipper
586,32,serene-grace
587,9,static
587,78,motor-drive
588,68,swarm
588,61,shed-skin
588,99,no-guard
589,68,swarm
589,75,shell-armor
589,142,overcoat
590,27,effect-spore
590,144,regenerator
591,27,effect-spore
591,144,regenerator
592,11,water-absorb
592,130,cursed-body
592,6,damp
593,11,water-absorb
593,130,cursed-body
593,6,damp
594,131,healer
594,93,hydration
594,144,regenerator
595,14,compound-eyes
595,127,unnerve
595,68,swarm
596,14,compound-eyes
596,127,unnerve
596,68,swarm
597,160,iron-barbs
598,160,iron-barbs
598,107,anticipation
599,57,plus
599,58,minus
599,29,clear-body
600,57,plus
600,58,minus
600,29,clear-body
601,57,plus
601,58,minus
601,29,clear-body
602,26,levitate
603,26,levitate
604,26,levitate
605,140,telepathy
605,28,synchronize
605,148,analytic
606,140,telepathy
606,28,synchronize
606,148,analytic
607,18,flash-fire
607,49,flame-body
607,151,infiltrator
608,18,flash-fire
608,49,flame-body
608,151,infiltrator
609,18,flash-fire
609,49,flame-body
609,151,infiltrator
610,79,rivalry
610,104,mold-breaker
610,127,unnerve
611,79,rivalry
611,104,mold-breaker
611,127,unnerve
612,79,rivalry
612,104,mold-breaker
612,127,unnerve
613,81,snow-cloak
613,202,slush-rush
613,155,rattled
614,81,snow-cloak
614,202,slush-rush
614,33,swift-swim
615,26,levitate
616,93,hydration
616,75,shell-armor
616,142,overcoat
617,93,hydration
617,60,sticky-hold
617,84,unburden
618,9,static
618,7,limber
618,8,sand-veil
619,39,inner-focus
619,144,regenerator
619,120,reckless
620,39,inner-focus
620,144,regenerator
620,120,reckless
621,24,rough-skin
621,125,sheer-force
621,104,mold-breaker
622,89,iron-fist
622,103,klutz
622,99,no-guard
623,89,iron-fist
623,103,klutz
623,99,no-guard
624,128,defiant
624,39,inner-focus
624,46,pressure
625,128,defiant
625,39,inner-focus
625,46,pressure
626,120,reckless
626,157,sap-sipper
626,43,soundproof
627,51,keen-eye
627,125,sheer-force
627,55,hustle
628,51,keen-eye
628,125,sheer-force
628,128,defiant
629,145,big-pecks
629,142,overcoat
629,133,weak-armor
630,145,big-pecks
630,142,overcoat
630,133,weak-armor
631,82,gluttony
631,18,flash-fire
631,73,white-smoke
632,68,swarm
632,55,hustle
632,54,truant
633,55,hustle
634,55,hustle
635,26,levitate
636,49,flame-body
636,68,swarm
637,49,flame-body
637,68,swarm
638,154,justified
639,154,justified
640,154,justified
641,158,prankster
641,128,defiant
642,158,prankster
642,128,defiant
643,163,turboblaze
644,164,teravolt
645,159,sand-force
645,125,sheer-force
646,46,pressure
647,154,justified
648,32,serene-grace
649,88,download
650,65,overgrow
650,171,bulletproof
651,65,overgrow
651,171,bulletproof
652,65,overgrow
652,171,bulletproof
653,66,blaze
653,170,magician
654,66,blaze
654,170,magician
655,66,blaze
655,170,magician
656,67,torrent
656,168,protean
657,67,torrent
657,168,protean
658,67,torrent
658,168,protean
659,53,pickup
659,167,cheek-pouch
659,37,huge-power
660,53,pickup
660,167,cheek-pouch
660,37,huge-power
661,145,big-pecks
661,177,gale-wings
662,49,flame-body
662,177,gale-wings
663,49,flame-body
663,177,gale-wings
664,19,shield-dust
664,14,compound-eyes
664,132,friend-guard
665,61,shed-skin
665,132,friend-guard
666,19,shield-dust
666,14,compound-eyes
666,132,friend-guard
667,79,rivalry
667,127,unnerve
667,153,moxie
668,79,rivalry
668,127,unnerve
668,153,moxie
669,166,flower-veil
669,180,symbiosis
670,166,flower-veil
670,180,symbiosis
671,166,flower-veil
671,180,symbiosis
672,157,sap-sipper
672,179,grass-pelt
673,157,sap-sipper
673,179,grass-pelt
674,89,iron-fist
674,104,mold-breaker
674,113,scrappy
675,89,iron-fist
675,104,mold-breaker
675,113,scrappy
676,169,fur-coat
677,51,keen-eye
677,151,infiltrator
677,20,own-tempo
678,51,keen-eye
678,151,infiltrator
678,158,prankster
679,99,no-guard
680,99,no-guard
681,176,stance-change
682,131,healer
682,165,aroma-veil
683,131,healer
683,165,aroma-veil
684,175,sweet-veil
684,84,unburden
685,175,sweet-veil
685,84,unburden
686,126,contrary
686,21,suction-cups
686,151,infiltrator
687,126,contrary
687,21,suction-cups
687,151,infiltrator
688,181,tough-claws
688,97,sniper
688,124,pickpocket
689,181,tough-claws
689,97,sniper
689,124,pickpocket
690,38,poison-point
690,143,poison-touch
690,91,adaptability
691,38,poison-point
691,143,poison-touch
691,91,adaptability
692,178,mega-launcher
693,178,mega-launcher
694,87,dry-skin
694,8,sand-veil
694,94,solar-power
695,87,dry-skin
695,8,sand-veil
695,94,solar-power
696,173,strong-jaw
696,5,sturdy
697,173,strong-jaw
697,69,rock-head
698,174,refrigerate
698,117,snow-warning
699,174,refrigerate
699,117,snow-warning
700,56,cute-charm
700,182,pixilate
701,7,limber
701,84,unburden
701,104,mold-breaker
702,167,cheek-pouch
702,53,pickup
702,57,plus
703,29,clear-body
703,5,sturdy
704,157,sap-sipper
704,93,hydration
704,183,gooey
705,157,sap-sipper
705,93,hydration
705,183,gooey
706,157,sap-sipper
706,93,hydration
706,183,gooey
707,158,prankster
707,170,magician
708,30,natural-cure
708,119,frisk
708,139,harvest
709,30,natural-cure
709,119,frisk
709,139,harvest
710,53,pickup
710,119,frisk
710,15,insomnia
711,53,pickup
711,119,frisk
711,15,insomnia
712,20,own-tempo
712,115,ice-body
712,5,sturdy
713,20,own-tempo
713,115,ice-body
713,5,sturdy
714,119,frisk
714,151,infiltrator
714,140,telepathy
715,119,frisk
715,151,infiltrator
715,140,telepathy
716,187,fairy-aura
717,186,dark-aura
718,188,aura-break
719,29,clear-body
720,170,magician
721,11,water-absorb
722,65,overgrow
722,203,long-reach
723,65,overgrow
723,203,long-reach
724,65,overgrow
724,203,long-reach
725,66,blaze
725,22,intimidate
726,66,blaze
726,22,intimidate
727,66,blaze
727,22,intimidate
728,67,torrent
728,204,liquid-voice
729,67,torrent
729,204,liquid-voice
730,67,torrent
730,204,liquid-voice
731,51,keen-eye
731,92,skill-link
731,53,pickup
732,51,keen-eye
732,92,skill-link
732,53,pickup
733,51,keen-eye
733,92,skill-link
733,125,sheer-force
734,198,stakeout
734,173,strong-jaw
734,91,adaptability
735,198,stakeout
735,173,strong-jaw
735,91,adaptability
736,68,swarm
737,217,battery
738,26,levitate
739,52,hyper-cutter
739,89,iron-fist
739,83,anger-point
740,52,hyper-cutter
740,89,iron-fist
740,83,anger-point
741,216,dancer
742,118,honey-gather
742,19,shield-dust
742,175,sweet-veil
743,118,honey-gather
743,19,shield-dust
743,175,sweet-veil
744,51,keen-eye
744,72,vital-spirit
744,80,steadfast
745,51,keen-eye
745,146,sand-rush
745,80,steadfast
746,208,schooling
747,196,merciless
747,7,limber
747,144,regenerator
748,196,merciless
748,7,limber
748,144,regenerator
749,20,own-tempo
749,192,stamina
749,39,inner-focus
750,20,own-tempo
750,192,stamina
750,39,inner-focus
751,199,water-bubble
751,11,water-absorb
752,199,water-bubble
752,11,water-absorb
753,102,leaf-guard
753,126,contrary
754,102,leaf-guard
754,126,contrary
755,35,illuminate
755,27,effect-spore
755,44,rain-dish
756,35,illuminate
756,27,effect-spore
756,44,rain-dish
757,212,corrosion
757,12,oblivious
758,212,corrosion
758,12,oblivious
759,218,fluffy
759,103,klutz
759,56,cute-charm
760,218,fluffy
760,103,klutz
760,127,unnerve
761,102,leaf-guard
761,12,oblivious
761,175,sweet-veil
762,102,leaf-guard
762,12,oblivious
762,175,sweet-veil
763,102,leaf-guard
763,214,queenly-majesty
763,175,sweet-veil
764,166,flower-veil
764,205,triage
764,30,natural-cure
765,39,inner-focus
765,140,telepathy
765,180,symbiosis
766,222,receiver
766,128,defiant
767,193,wimp-out
768,194,emergency-exit
769,195,water-compaction
769,8,sand-veil
770,195,water-compaction
770,8,sand-veil
771,215,innards-out
771,109,unaware
772,4,battle-armor
773,225,rks-system
774,197,shields-down
775,213,comatose
776,75,shell-armor
777,160,iron-barbs
777,31,lightning-rod
777,5,sturdy
778,209,disguise
779,219,dazzling
779,173,strong-jaw
779,147,wonder-skin
780,201,berserk
780,157,sap-sipper
780,13,cloud-nine
781,200,steelworker
782,171,bulletproof
782,43,soundproof
782,142,overcoat
783,171,bulletproof
783,43,soundproof
783,142,overcoat
784,171,bulletproof
784,43,soundproof
784,142,overcoat
785,226,electric-surge
785,140,telepathy
786,227,psychic-surge
786,140,telepathy
787,229,grassy-surge
787,140,telepathy
788,228,misty-surge
788,140,telepathy
789,109,unaware
790,5,sturdy
791,230,full-metal-body
792,231,shadow-shield
793,224,beast-boost
794,224,beast-boost
795,224,beast-boost
796,224,beast-boost
797,224,beast-boost
798,224,beast-boost
799,224,beast-boost
800,232,prism-armor
801,220,soul-heart
802,101,technician
10001,46,pressure
10002,46,pressure
10003,46,pressure
10004,107,anticipation
10004,142,overcoat
10005,107,anticipation
10005,142,overcoat
10006,32,serene-grace
10007,26,levitate
10008,26,levitate
10009,26,levitate
10010,26,levitate
10011,26,levitate
10012,26,levitate
10013,59,forecast
10014,59,forecast
10015,59,forecast
10016,69,rock-head
10016,91,adaptability
10016,104,mold-breaker
10017,125,sheer-force
10017,161,zen-mode
10018,32,serene-grace
10019,144,regenerator
10020,10,volt-absorb
10021,22,intimidate
10022,164,teravolt
10023,163,turboblaze
10024,154,justified
10025,51,keen-eye
10025,151,infiltrator
10025,172,competitive
10026,176,stance-change
10027,53,pickup
10027,119,frisk
10027,15,insomnia
10028,53,pickup
10028,119,frisk
10028,15,insomnia
10029,53,pickup
10029,119,frisk
10029,15,insomnia
10030,53,pickup
10030,119,frisk
10030,15,insomnia
10031,53,pickup
10031,119,frisk
10031,15,insomnia
10032,53,pickup
10032,119,frisk
10032,15,insomnia
10033,47,thick-fat
10034,181,tough-claws
10035,70,drought
10036,178,mega-launcher
10037,36,trace
10038,23,shadow-tag
10039,185,parental-bond
10040,184,aerilate
10041,104,mold-breaker
10042,181,tough-claws
10043,80,steadfast
10044,15,insomnia
10045,104,mold-breaker
10046,101,technician
10047,92,skill-link
10048,94,solar-power
10049,45,sand-stream
10050,3,speed-boost
10051,182,pixilate
10052,37,huge-power
10053,111,filter
10054,74,pure-power
10055,22,intimidate
10056,158,prankster
10057,156,magic-bounce
10058,159,sand-force
10059,91,adaptability
10060,117,snow-warning
10061,166,flower-veil
10061,180,symbiosis
10062,26,levitate
10063,26,levitate
10064,33,swift-swim
10065,31,lightning-rod
10066,156,magic-bounce
10067,182,pixilate
10068,39,inner-focus
10069,131,healer
10070,173,strong-jaw
10071,75,shell-armor
10072,159,sand-force
10073,99,no-guard
10074,174,refrigerate
10075,156,magic-bounce
10076,181,tough-claws
10077,189,primordial-sea
10078,190,desolate-land
10079,191,delta-stream
10080,9,static
10080,31,lightning-rod
10081,9,static
10081,31,lightning-rod
10082,9,static
10082,31,lightning-rod
10083,9,static
10083,31,lightning-rod
10084,9,static
10084,31,lightning-rod
10085,9,static
10085,31,lightning-rod
10086,170,magician
10087,125,sheer-force
10088,113,scrappy
10089,184,aerilate
10090,91,adaptability
10091,82,gluttony
10091,55,hustle
10091,47,thick-fat
10092,82,gluttony
10092,55,hustle
10092,47,thick-fat
10093,82,gluttony
10093,55,hustle
10093,47,thick-fat
10094,9,static
10094,31,lightning-rod
10095,9,static
10095,31,lightning-rod
10096,9,static
10096,31,lightning-rod
10097,9,static
10097,31,lightning-rod
10098,9,static
10098,31,lightning-rod
10099,9,static
10099,31,lightning-rod
10100,207,surge-surfer
10101,81,snow-cloak
10101,202,slush-rush
10102,81,snow-cloak
10102,202,slush-rush
10103,81,snow-cloak
10103,117,snow-warning
10104,81,snow-cloak
10104,117,snow-warning
10105,8,sand-veil
10105,221,tangling-hair
10105,159,sand-force
10106,8,sand-veil
10106,221,tangling-hair
10106,159,sand-force
10107,53,pickup
10107,101,technician
10107,155,rattled
10108,169,fur-coat
10108,101,technician
10108,155,rattled
10109,42,magnet-pull
10109,5,sturdy
10109,206,galvanize
10110,42,magnet-pull
10110,5,sturdy
10110,206,galvanize
10111,42,magnet-pull
10111,5,sturdy
10111,206,galvanize
10112,143,poison-touch
10112,82,gluttony
10112,223,power-of-alchemy
10113,143,poison-touch
10113,82,gluttony
10113,223,power-of-alchemy
10114,119,frisk
10114,139,harvest
10115,130,cursed-body
10115,31,lightning-rod
10115,69,rock-head
10116,210,battle-bond
10117,210,battle-bond
10118,211,power-construct
10119,211,power-construct
10120,211,power-construct
10121,198,stakeout
10121,173,strong-jaw
10121,91,adaptability
10122,26,levitate
10123,216,dancer
10124,216,dancer
10125,216,dancer
10126,51,keen-eye
10126,72,vital-spirit
10126,99,no-guard
10127,208,schooling
10128,102,leaf-guard
10128,126,contrary
10129,212,corrosion
10129,12,oblivious
10130,197,shields-down
10131,197,shields-down
10132,197,shields-down
10133,197,shields-down
10134,197,shields-down
10135,197,shields-down
10136,197,shields-down
10137,197,shields-down
10138,197,shields-down
10139,197,shields-down
10140,197,shields-down
10141,197,shields-down
10142,197,shields-down
10143,209,disguise
10144,209,disguise
10145,209,disguise
10146,171,bulletproof
10146,43,soundproof
10146,142,overcoat
10147,220,soul-heart
